LO_Filename,LO_CrossSection,LO_Error,NLO_Filename,NLO_CrossSection,NLO_Error,Row_NLO/LO_Ratio
../submit_files/condorfiles/LO/result_WR1000_N100/WRtoNLtoLLJJ_WR1000_N100.log,3.013,0.04389,../submit_files/condorfiles/NLO/result_WR1000_N100_NLO/WRtoNLtoLLJJ_WR1000_N100_NLO.log,3.626,0.0037,1.203451709259874
../submit_files/condorfiles/LO/result_WR1000_N200/WRtoNLtoLLJJ_WR1000_N200.log,2.943,0.04153,../submit_files/condorfiles/NLO/result_WR1000_N200_NLO/WRtoNLtoLLJJ_WR1000_N200_NLO.log,3.466,0.0035,1.177709819911655
../submit_files/condorfiles/LO/result_WR1000_N300/WRtoNLtoLLJJ_WR1000_N300.log,2.694,0.03702,../submit_files/condorfiles/NLO/result_WR1000_N300_NLO/WRtoNLtoLLJJ_WR1000_N300_NLO.log,3.223,0.003,1.196362286562732
../submit_files/condorfiles/LO/result_WR1000_N400/WRtoNLtoLLJJ_WR1000_N400.log,2.403,0.03136,../submit_files/condorfiles/NLO/result_WR1000_N400_NLO/WRtoNLtoLLJJ_WR1000_N400_NLO.log,2.893,0.0026,1.2039117769454848
../submit_files/condorfiles/LO/result_WR1000_N500/WRtoNLtoLLJJ_WR1000_N500.log,2.034,0.01626,../submit_files/condorfiles/NLO/result_WR1000_N500_NLO/WRtoNLtoLLJJ_WR1000_N500_NLO.log,2.469,0.002,1.2138643067846608
../submit_files/condorfiles/LO/result_WR1000_N600/WRtoNLtoLLJJ_WR1000_N600.log,1.622,0.01855,../submit_files/condorfiles/NLO/result_WR1000_N600_NLO/WRtoNLtoLLJJ_WR1000_N600_NLO.log,1.952,0.0016,1.2034525277435264
../submit_files/condorfiles/LO/result_WR1000_N700/WRtoNLtoLLJJ_WR1000_N700.log,1.133,0.005448,../submit_files/condorfiles/NLO/result_WR1000_N700_NLO/WRtoNLtoLLJJ_WR1000_N700_NLO.log,1.366,0.0011,1.2056487202118271
../submit_files/condorfiles/LO/result_WR1000_N800/WRtoNLtoLLJJ_WR1000_N800.log,0.6344,0.005417,../submit_files/condorfiles/NLO/result_WR1000_N800_NLO/WRtoNLtoLLJJ_WR1000_N800_NLO.log,0.7607,0.00064,1.1990857503152585
../submit_files/condorfiles/LO/result_WR1000_N900/WRtoNLtoLLJJ_WR1000_N900.log,0.2105,0.002211,../submit_files/condorfiles/NLO/result_WR1000_N900_NLO/WRtoNLtoLLJJ_WR1000_N900_NLO.log,0.2526,0.00022,1.2
../submit_files/condorfiles/LO/result_WR1500_N100/WRtoNLtoLLJJ_WR1500_N100.log,0.529,0.008515,../submit_files/condorfiles/NLO/result_WR1500_N100_NLO/WRtoNLtoLLJJ_WR1500_N100_NLO.log,0.6479,0.00058,1.2247637051039697
../submit_files/condorfiles/LO/result_WR1500_N200/WRtoNLtoLLJJ_WR1500_N200.log,0.5254,0.00808,../submit_files/condorfiles/NLO/result_WR1500_N200_NLO/WRtoNLtoLLJJ_WR1500_N200_NLO.log,0.6325,0.00067,1.2038446897601827
../submit_files/condorfiles/LO/result_WR1500_N300/WRtoNLtoLLJJ_WR1500_N300.log,0.5054,0.007494,../submit_files/condorfiles/NLO/result_WR1500_N300_NLO/WRtoNLtoLLJJ_WR1500_N300_NLO.log,0.6105,0.00059,1.2079540957657302
../submit_files/condorfiles/LO/result_WR1500_N400/WRtoNLtoLLJJ_WR1500_N400.log,0.4795,0.006732,../submit_files/condorfiles/NLO/result_WR1500_N400_NLO/WRtoNLtoLLJJ_WR1500_N400_NLO.log,0.5825,0.00052,1.2148070907194997
../submit_files/condorfiles/LO/result_WR1500_N500/WRtoNLtoLLJJ_WR1500_N500.log,0.4391,0.003795,../submit_files/condorfiles/NLO/result_WR1500_N500_NLO/WRtoNLtoLLJJ_WR1500_N500_NLO.log,0.5473,0.00049,1.2464131177408335
../submit_files/condorfiles/LO/result_WR1500_N600/WRtoNLtoLLJJ_WR1500_N600.log,0.413,0.00548,../submit_files/condorfiles/NLO/result_WR1500_N600_NLO/WRtoNLtoLLJJ_WR1500_N600_NLO.log,0.5062,0.00043,1.2256658595641647
../submit_files/condorfiles/LO/result_WR1500_N700/WRtoNLtoLLJJ_WR1500_N700.log,0.3658,0.0038,../submit_files/condorfiles/NLO/result_WR1500_N700_NLO/WRtoNLtoLLJJ_WR1500_N700_NLO.log,0.4571,0.00039,1.2495899398578458
../submit_files/condorfiles/LO/result_WR1500_N800/WRtoNLtoLLJJ_WR1500_N800.log,0.328,0.003959,../submit_files/condorfiles/NLO/result_WR1500_N800_NLO/WRtoNLtoLLJJ_WR1500_N800_NLO.log,0.4017,0.00033,1.2246951219512194
../submit_files/condorfiles/LO/result_WR1500_N900/WRtoNLtoLLJJ_WR1500_N900.log,0.2767,0.003208,../submit_files/condorfiles/NLO/result_WR1500_N900_NLO/WRtoNLtoLLJJ_WR1500_N900_NLO.log,0.3397,0.00029,1.2276834116371522
../submit_files/condorfiles/LO/result_WR1500_N1000/WRtoNLtoLLJJ_WR1500_N1000.log,0.2192,0.001574,../submit_files/condorfiles/NLO/result_WR1500_N1000_NLO/WRtoNLtoLLJJ_WR1500_N1000_NLO.log,0.2719,0.00022,1.240419708029197
../submit_files/condorfiles/LO/result_WR1500_N1100/WRtoNLtoLLJJ_WR1500_N1100.log,0.1635,0.001739,../submit_files/condorfiles/NLO/result_WR1500_N1100_NLO/WRtoNLtoLLJJ_WR1500_N1100_NLO.log,0.2012,0.00018,1.2305810397553516
../submit_files/condorfiles/LO/result_WR1500_N1200/WRtoNLtoLLJJ_WR1500_N1200.log,0.1062,0.0008766,../submit_files/condorfiles/NLO/result_WR1500_N1200_NLO/WRtoNLtoLLJJ_WR1500_N1200_NLO.log,0.1312,0.00011,1.2354048964218456
../submit_files/condorfiles/LO/result_WR1500_N1300/WRtoNLtoLLJJ_WR1500_N1300.log,0.05508,0.0003502,../submit_files/condorfiles/NLO/result_WR1500_N1300_NLO/WRtoNLtoLLJJ_WR1500_N1300_NLO.log,0.06869,5.8e-05,1.2470951343500365
../submit_files/condorfiles/LO/result_WR1500_N1400/WRtoNLtoLLJJ_WR1500_N1400.log,0.01829,0.0001858,../submit_files/condorfiles/NLO/result_WR1500_N1400_NLO/WRtoNLtoLLJJ_WR1500_N1400_NLO.log,0.02276,2e-05,1.2443958447238928
../submit_files/condorfiles/LO/result_WR2000_N100/WRtoNLtoLLJJ_WR2000_N100.log,0.1291,0.001367,../submit_files/condorfiles/NLO/result_WR2000_N100_NLO/WRtoNLtoLLJJ_WR2000_N100_NLO.log,0.162,0.00016,1.2548412083656082
../submit_files/condorfiles/LO/result_WR2000_N200/WRtoNLtoLLJJ_WR2000_N200.log,0.1268,0.001279,../submit_files/condorfiles/NLO/result_WR2000_N200_NLO/WRtoNLtoLLJJ_WR2000_N200_NLO.log,0.1587,0.00015,1.251577287066246
../submit_files/condorfiles/LO/result_WR2000_N300/WRtoNLtoLLJJ_WR2000_N300.log,0.126,0.001978,../submit_files/condorfiles/NLO/result_WR2000_N300_NLO/WRtoNLtoLLJJ_WR2000_N300_NLO.log,0.1551,0.00017,1.2309523809523808
../submit_files/condorfiles/LO/result_WR2000_N400/WRtoNLtoLLJJ_WR2000_N400.log,0.1224,0.001905,../submit_files/condorfiles/NLO/result_WR2000_N400_NLO/WRtoNLtoLLJJ_WR2000_N400_NLO.log,0.1502,0.00015,1.227124183006536
../submit_files/condorfiles/LO/result_WR2000_N500/WRtoNLtoLLJJ_WR2000_N500.log,0.1165,0.001778,../submit_files/condorfiles/NLO/result_WR2000_N500_NLO/WRtoNLtoLLJJ_WR2000_N500_NLO.log,0.1447,0.00014,1.2420600858369097
../submit_files/condorfiles/LO/result_WR2000_N600/WRtoNLtoLLJJ_WR2000_N600.log,0.1092,0.0009831,../submit_files/condorfiles/NLO/result_WR2000_N600_NLO/WRtoNLtoLLJJ_WR2000_N600_NLO.log,0.1385,0.00013,1.2683150183150185
../submit_files/condorfiles/LO/result_WR2000_N700/WRtoNLtoLLJJ_WR2000_N700.log,0.1051,0.001443,../submit_files/condorfiles/NLO/result_WR2000_N700_NLO/WRtoNLtoLLJJ_WR2000_N700_NLO.log,0.1315,0.00012,1.2511893434823977
../submit_files/condorfiles/LO/result_WR2000_N800/WRtoNLtoLLJJ_WR2000_N800.log,0.0985,0.001308,../submit_files/condorfiles/NLO/result_WR2000_N800_NLO/WRtoNLtoLLJJ_WR2000_N800_NLO.log,0.1235,0.00012,1.2538071065989846
../submit_files/condorfiles/LO/result_WR2000_N900/WRtoNLtoLLJJ_WR2000_N900.log,0.08977,0.0005226,../submit_files/condorfiles/NLO/result_WR2000_N900_NLO/WRtoNLtoLLJJ_WR2000_N900_NLO.log,0.1145,9.8e-05,1.2754817867884594
../submit_files/condorfiles/LO/result_WR2000_N1000/WRtoNLtoLLJJ_WR2000_N1000.log,0.08204,0.0005829,../submit_files/condorfiles/NLO/result_WR2000_N1000_NLO/WRtoNLtoLLJJ_WR2000_N1000_NLO.log,0.1045,9.5e-05,1.2737688932228182
../submit_files/condorfiles/LO/result_WR2000_N1100/WRtoNLtoLLJJ_WR2000_N1100.log,0.07385,0.0005875,../submit_files/condorfiles/NLO/result_WR2000_N1100_NLO/WRtoNLtoLLJJ_WR2000_N1100_NLO.log,0.09391,8.1e-05,1.2716316858496952
../submit_files/condorfiles/LO/result_WR2000_N1200/WRtoNLtoLLJJ_WR2000_N1200.log,0.0655,0.0007617,../submit_files/condorfiles/NLO/result_WR2000_N1200_NLO/WRtoNLtoLLJJ_WR2000_N1200_NLO.log,0.08226,7e-05,1.25587786259542
../submit_files/condorfiles/LO/result_WR2000_N1300/WRtoNLtoLLJJ_WR2000_N1300.log,0.05502,0.0004384,../submit_files/condorfiles/NLO/result_WR2000_N1300_NLO/WRtoNLtoLLJJ_WR2000_N1300_NLO.log,0.06992,6.2e-05,1.2708106143220645
../submit_files/condorfiles/LO/result_WR2000_N1400/WRtoNLtoLLJJ_WR2000_N1400.log,0.04494,0.0002847,../submit_files/condorfiles/NLO/result_WR2000_N1400_NLO/WRtoNLtoLLJJ_WR2000_N1400_NLO.log,0.05711,5e-05,1.2708055184690699
../submit_files/condorfiles/LO/result_WR2000_N1500/WRtoNLtoLLJJ_WR2000_N1500.log,0.03455,0.0002595,../submit_files/condorfiles/NLO/result_WR2000_N1500_NLO/WRtoNLtoLLJJ_WR2000_N1500_NLO.log,0.04414,4.1e-05,1.2775687409551375
../submit_files/condorfiles/LO/result_WR2000_N1600/WRtoNLtoLLJJ_WR2000_N1600.log,0.02466,0.0001637,../submit_files/condorfiles/NLO/result_WR2000_N1600_NLO/WRtoNLtoLLJJ_WR2000_N1600_NLO.log,0.03146,2.7e-05,1.275750202757502
../submit_files/condorfiles/LO/result_WR2000_N1700/WRtoNLtoLLJJ_WR2000_N1700.log,0.0155,9.65e-05,../submit_files/condorfiles/NLO/result_WR2000_N1700_NLO/WRtoNLtoLLJJ_WR2000_N1700_NLO.log,0.01987,1.7e-05,1.2819354838709676
../submit_files/condorfiles/LO/result_WR2000_N1800/WRtoNLtoLLJJ_WR2000_N1800.log,0.00806,7.954e-05,../submit_files/condorfiles/NLO/result_WR2000_N1800_NLO/WRtoNLtoLLJJ_WR2000_N1800_NLO.log,0.01018,8.8e-06,1.2630272952853598
../submit_files/condorfiles/LO/result_WR2000_N1900/WRtoNLtoLLJJ_WR2000_N1900.log,0.002712,2.862e-05,../submit_files/condorfiles/NLO/result_WR2000_N1900_NLO/WRtoNLtoLLJJ_WR2000_N1900_NLO.log,0.003495,3.3e-06,1.288716814159292
../submit_files/condorfiles/LO/result_WR2500_N100/WRtoNLtoLLJJ_WR2500_N100.log,0.03735,0.000262,../submit_files/condorfiles/NLO/result_WR2500_N100_NLO/WRtoNLtoLLJJ_WR2500_N100_NLO.log,0.04814,5e-05,1.288888888888889
../submit_files/condorfiles/LO/result_WR2500_N200/WRtoNLtoLLJJ_WR2500_N200.log,0.03677,0.000401,../submit_files/condorfiles/NLO/result_WR2500_N200_NLO/WRtoNLtoLLJJ_WR2500_N200_NLO.log,0.04698,5.1e-05,1.2776720152298071
../submit_files/condorfiles/LO/result_WR2500_N300/WRtoNLtoLLJJ_WR2500_N300.log,0.03572,0.0002521,../submit_files/condorfiles/NLO/result_WR2500_N300_NLO/WRtoNLtoLLJJ_WR2500_N300_NLO.log,0.04593,4.3e-05,1.2858342665173572
../submit_files/condorfiles/LO/result_WR2500_N400/WRtoNLtoLLJJ_WR2500_N400.log,0.03557,0.0006163,../submit_files/condorfiles/NLO/result_WR2500_N400_NLO/WRtoNLtoLLJJ_WR2500_N400_NLO.log,0.04483,4.4e-05,1.2603317402305314
../submit_files/condorfiles/LO/result_WR2500_N500/WRtoNLtoLLJJ_WR2500_N500.log,0.03458,0.0005618,../submit_files/condorfiles/NLO/result_WR2500_N500_NLO/WRtoNLtoLLJJ_WR2500_N500_NLO.log,0.04363,4.7e-05,1.2617119722382881
../submit_files/condorfiles/LO/result_WR2500_N600/WRtoNLtoLLJJ_WR2500_N600.log,0.03331,0.0005321,../submit_files/condorfiles/NLO/result_WR2500_N600_NLO/WRtoNLtoLLJJ_WR2500_N600_NLO.log,0.04221,3.9e-05,1.267187030921645
../submit_files/condorfiles/LO/result_WR2500_N700/WRtoNLtoLLJJ_WR2500_N700.log,0.03202,0.0004902,../submit_files/condorfiles/NLO/result_WR2500_N700_NLO/WRtoNLtoLLJJ_WR2500_N700_NLO.log,0.04079,3.9e-05,1.273891317926296
../submit_files/condorfiles/LO/result_WR2500_N800/WRtoNLtoLLJJ_WR2500_N800.log,0.03014,0.0002703,../submit_files/condorfiles/NLO/result_WR2500_N800_NLO/WRtoNLtoLLJJ_WR2500_N800_NLO.log,0.03913,3.7e-05,1.2982747179827472
../submit_files/condorfiles/LO/result_WR2500_N900/WRtoNLtoLLJJ_WR2500_N900.log,0.02869,0.0003823,../submit_files/condorfiles/NLO/result_WR2500_N900_NLO/WRtoNLtoLLJJ_WR2500_N900_NLO.log,0.03737,3.5e-05,1.3025444405716278
../submit_files/condorfiles/LO/result_WR2500_N1000/WRtoNLtoLLJJ_WR2500_N1000.log,0.02735,0.0003632,../submit_files/condorfiles/NLO/result_WR2500_N1000_NLO/WRtoNLtoLLJJ_WR2500_N1000_NLO.log,0.03539,3.3e-05,1.2939670932358318
../submit_files/condorfiles/LO/result_WR2500_N1100/WRtoNLtoLLJJ_WR2500_N1100.log,0.0255,0.0003199,../submit_files/condorfiles/NLO/result_WR2500_N1100_NLO/WRtoNLtoLLJJ_WR2500_N1100_NLO.log,0.0333,3.2e-05,1.3058823529411767
../submit_files/condorfiles/LO/result_WR2500_N1200/WRtoNLtoLLJJ_WR2500_N1200.log,0.02376,0.0001906,../submit_files/condorfiles/NLO/result_WR2500_N1200_NLO/WRtoNLtoLLJJ_WR2500_N1200_NLO.log,0.03105,2.9e-05,1.3068181818181819
../submit_files/condorfiles/LO/result_WR2500_N1300/WRtoNLtoLLJJ_WR2500_N1300.log,0.02189,0.0001675,../submit_files/condorfiles/NLO/result_WR2500_N1300_NLO/WRtoNLtoLLJJ_WR2500_N1300_NLO.log,0.02864,2.7e-05,1.308359981726816
../submit_files/condorfiles/LO/result_WR2500_N1400/WRtoNLtoLLJJ_WR2500_N1400.log,0.01996,0.0001548,../submit_files/condorfiles/NLO/result_WR2500_N1400_NLO/WRtoNLtoLLJJ_WR2500_N1400_NLO.log,0.02609,2.4e-05,1.307114228456914
../submit_files/condorfiles/LO/result_WR2500_N1500/WRtoNLtoLLJJ_WR2500_N1500.log,0.01797,0.0001397,../submit_files/condorfiles/NLO/result_WR2500_N1500_NLO/WRtoNLtoLLJJ_WR2500_N1500_NLO.log,0.02339,2.2e-05,1.3016138007790763
../submit_files/condorfiles/LO/result_WR2500_N1600/WRtoNLtoLLJJ_WR2500_N1600.log,0.0158,0.0001191,../submit_files/condorfiles/NLO/result_WR2500_N1600_NLO/WRtoNLtoLLJJ_WR2500_N1600_NLO.log,0.02058,1.9e-05,1.30253164556962
../submit_files/condorfiles/LO/result_WR2500_N1700/WRtoNLtoLLJJ_WR2500_N1700.log,0.01354,8.169e-05,../submit_files/condorfiles/NLO/result_WR2500_N1700_NLO/WRtoNLtoLLJJ_WR2500_N1700_NLO.log,0.01765,1.5e-05,1.3035450516986706
../submit_files/condorfiles/LO/result_WR2500_N1800/WRtoNLtoLLJJ_WR2500_N1800.log,0.01128,7.053e-05,../submit_files/condorfiles/NLO/result_WR2500_N1800_NLO/WRtoNLtoLLJJ_WR2500_N1800_NLO.log,0.01469,1.4e-05,1.302304964539007
../submit_files/condorfiles/LO/result_WR2500_N1900/WRtoNLtoLLJJ_WR2500_N1900.log,0.009078,9.689e-05,../submit_files/condorfiles/NLO/result_WR2500_N1900_NLO/WRtoNLtoLLJJ_WR2500_N1900_NLO.log,0.01174,1.1e-05,1.2932363956818684
../submit_files/condorfiles/LO/result_WR2500_N2000/WRtoNLtoLLJJ_WR2500_N2000.log,0.006781,4.405e-05,../submit_files/condorfiles/NLO/result_WR2500_N2000_NLO/WRtoNLtoLLJJ_WR2500_N2000_NLO.log,0.008874,8.5e-06,1.3086565403332842
../submit_files/condorfiles/LO/result_WR2500_N2100/WRtoNLtoLLJJ_WR2500_N2100.log,0.004785,3.015e-05,../submit_files/condorfiles/NLO/result_WR2500_N2100_NLO/WRtoNLtoLLJJ_WR2500_N2100_NLO.log,0.006201,5.6e-06,1.295924764890282
../submit_files/condorfiles/LO/result_WR2500_N2200/WRtoNLtoLLJJ_WR2500_N2200.log,0.002927,1.771e-05,../submit_files/condorfiles/NLO/result_WR2500_N2200_NLO/WRtoNLtoLLJJ_WR2500_N2200_NLO.log,0.003846,3.6e-06,1.3139733515544927
../submit_files/condorfiles/LO/result_WR2500_N2300/WRtoNLtoLLJJ_WR2500_N2300.log,0.001494,1.508e-05,../submit_files/condorfiles/NLO/result_WR2500_N2300_NLO/WRtoNLtoLLJJ_WR2500_N2300_NLO.log,0.001966,1.8e-06,1.3159303882195446
../submit_files/condorfiles/LO/result_WR2500_N2400/WRtoNLtoLLJJ_WR2500_N2400.log,0.0005407,5.682e-06,../submit_files/condorfiles/NLO/result_WR2500_N2400_NLO/WRtoNLtoLLJJ_WR2500_N2400_NLO.log,0.0007045,6e-07,1.3029406325134087
../submit_files/condorfiles/LO/result_WR3000_N100/WRtoNLtoLLJJ_WR3000_N100.log,0.01266,0.0002831,../submit_files/condorfiles/NLO/result_WR3000_N100_NLO/WRtoNLtoLLJJ_WR3000_N100_NLO.log,0.016,1.7e-05,1.263823064770932
../submit_files/condorfiles/LO/result_WR3000_N200/WRtoNLtoLLJJ_WR3000_N200.log,0.01191,8.493e-05,../submit_files/condorfiles/NLO/result_WR3000_N200_NLO/WRtoNLtoLLJJ_WR3000_N200_NLO.log,0.01558,1.5e-05,1.308144416456759
../submit_files/condorfiles/LO/result_WR3000_N300/WRtoNLtoLLJJ_WR3000_N300.log,0.01145,8.693e-05,../submit_files/condorfiles/NLO/result_WR3000_N300_NLO/WRtoNLtoLLJJ_WR3000_N300_NLO.log,0.01515,1.4e-05,1.3231441048034935
../submit_files/condorfiles/LO/result_WR3000_N400/WRtoNLtoLLJJ_WR3000_N400.log,0.01121,7.566e-05,../submit_files/condorfiles/NLO/result_WR3000_N400_NLO/WRtoNLtoLLJJ_WR3000_N400_NLO.log,0.01476,1.5e-05,1.3166815343443354
../submit_files/condorfiles/LO/result_WR3000_N500/WRtoNLtoLLJJ_WR3000_N500.log,0.01106,0.0001178,../submit_files/condorfiles/NLO/result_WR3000_N500_NLO/WRtoNLtoLLJJ_WR3000_N500_NLO.log,0.01435,1.4e-05,1.2974683544303798
../submit_files/condorfiles/LO/result_WR3000_N600/WRtoNLtoLLJJ_WR3000_N600.log,0.01081,0.0001134,../submit_files/condorfiles/NLO/result_WR3000_N600_NLO/WRtoNLtoLLJJ_WR3000_N600_NLO.log,0.01396,1.3e-05,1.2913968547641073
../submit_files/condorfiles/LO/result_WR3000_N700/WRtoNLtoLLJJ_WR3000_N700.log,0.01043,0.0001701,../submit_files/condorfiles/NLO/result_WR3000_N700_NLO/WRtoNLtoLLJJ_WR3000_N700_NLO.log,0.01355,1.1e-05,1.2991371045062319
../submit_files/condorfiles/LO/result_WR3000_N800/WRtoNLtoLLJJ_WR3000_N800.log,0.01006,0.0001559,../submit_files/condorfiles/NLO/result_WR3000_N800_NLO/WRtoNLtoLLJJ_WR3000_N800_NLO.log,0.0131,1.1e-05,1.3021868787276343
../submit_files/condorfiles/LO/result_WR3000_N900/WRtoNLtoLLJJ_WR3000_N900.log,0.009618,9.273e-05,../submit_files/condorfiles/NLO/result_WR3000_N900_NLO/WRtoNLtoLLJJ_WR3000_N900_NLO.log,0.01265,9.8e-06,1.315242254106883
../submit_files/condorfiles/LO/result_WR3000_N1000/WRtoNLtoLLJJ_WR3000_N1000.log,0.009219,0.0001002,../submit_files/condorfiles/NLO/result_WR3000_N1000_NLO/WRtoNLtoLLJJ_WR3000_N1000_NLO.log,0.01218,1.2e-05,1.3211845102505695
../submit_files/condorfiles/LO/result_WR3000_N1100/WRtoNLtoLLJJ_WR3000_N1100.log,0.008781,0.000117,../submit_files/condorfiles/NLO/result_WR3000_N1100_NLO/WRtoNLtoLLJJ_WR3000_N1100_NLO.log,0.01168,1.1e-05,1.3301446304521123
../submit_files/condorfiles/LO/result_WR3000_N1200/WRtoNLtoLLJJ_WR3000_N1200.log,0.008424,0.0001102,../submit_files/condorfiles/NLO/result_WR3000_N1200_NLO/WRtoNLtoLLJJ_WR3000_N1200_NLO.log,0.01114,1.1e-05,1.3224121557454893
../submit_files/condorfiles/LO/result_WR3000_N1300/WRtoNLtoLLJJ_WR3000_N1300.log,0.008025,4.65e-05,../submit_files/condorfiles/NLO/result_WR3000_N1300_NLO/WRtoNLtoLLJJ_WR3000_N1300_NLO.log,0.01058,1e-05,1.3183800623052961
../submit_files/condorfiles/LO/result_WR3000_N1400/WRtoNLtoLLJJ_WR3000_N1400.log,0.007427,9.021e-05,../submit_files/condorfiles/NLO/result_WR3000_N1400_NLO/WRtoNLtoLLJJ_WR3000_N1400_NLO.log,0.009984,9.6e-06,1.3442843678470446
../submit_files/condorfiles/LO/result_WR3000_N1500/WRtoNLtoLLJJ_WR3000_N1500.log,0.006994,5.355e-05,../submit_files/condorfiles/NLO/result_WR3000_N1500_NLO/WRtoNLtoLLJJ_WR3000_N1500_NLO.log,0.009359,8.9e-06,1.3381469831283956
../submit_files/condorfiles/LO/result_WR3000_N1600/WRtoNLtoLLJJ_WR3000_N1600.log,0.00654,3.492e-05,../submit_files/condorfiles/NLO/result_WR3000_N1600_NLO/WRtoNLtoLLJJ_WR3000_N1600_NLO.log,0.008695,8e-06,1.3295107033639144
../submit_files/condorfiles/LO/result_WR3000_N1700/WRtoNLtoLLJJ_WR3000_N1700.log,0.006005,4.429e-05,../submit_files/condorfiles/NLO/result_WR3000_N1700_NLO/WRtoNLtoLLJJ_WR3000_N1700_NLO.log,0.008003,7e-06,1.332722731057452
../submit_files/condorfiles/LO/result_WR3000_N1800/WRtoNLtoLLJJ_WR3000_N1800.log,0.005495,4.151e-05,../submit_files/condorfiles/NLO/result_WR3000_N1800_NLO/WRtoNLtoLLJJ_WR3000_N1800_NLO.log,0.007293,6.9e-06,1.327206551410373
../submit_files/condorfiles/LO/result_WR3000_N1900/WRtoNLtoLLJJ_WR3000_N1900.log,0.004926,5.67e-05,../submit_files/condorfiles/NLO/result_WR3000_N1900_NLO/WRtoNLtoLLJJ_WR3000_N1900_NLO.log,0.006555,6.1e-06,1.330694275274056
../submit_files/condorfiles/LO/result_WR3000_N2000/WRtoNLtoLLJJ_WR3000_N2000.log,0.004365,2.795e-05,../submit_files/condorfiles/NLO/result_WR3000_N2000_NLO/WRtoNLtoLLJJ_WR3000_N2000_NLO.log,0.005796,5.5e-06,1.3278350515463917
../submit_files/condorfiles/LO/result_WR3000_N2100/WRtoNLtoLLJJ_WR3000_N2100.log,0.003777,2.309e-05,../submit_files/condorfiles/NLO/result_WR3000_N2100_NLO/WRtoNLtoLLJJ_WR3000_N2100_NLO.log,0.005023,4.6e-06,1.3298914482393434
../submit_files/condorfiles/LO/result_WR3000_N2200/WRtoNLtoLLJJ_WR3000_N2200.log,0.003181,3.178e-05,../submit_files/condorfiles/NLO/result_WR3000_N2200_NLO/WRtoNLtoLLJJ_WR3000_N2200_NLO.log,0.00425,4e-06,1.3360578434454575
../submit_files/condorfiles/LO/result_WR3000_N2300/WRtoNLtoLLJJ_WR3000_N2300.log,0.002608,1.813e-05,../submit_files/condorfiles/NLO/result_WR3000_N2300_NLO/WRtoNLtoLLJJ_WR3000_N2300_NLO.log,0.003481,3.3e-06,1.334739263803681
../submit_files/condorfiles/LO/result_WR3000_N2400/WRtoNLtoLLJJ_WR3000_N2400.log,0.002057,1.329e-05,../submit_files/condorfiles/NLO/result_WR3000_N2400_NLO/WRtoNLtoLLJJ_WR3000_N2400_NLO.log,0.002738,2.6e-06,1.331064657267866
../submit_files/condorfiles/LO/result_WR3000_N2500/WRtoNLtoLLJJ_WR3000_N2500.log,0.00154,6.458e-06,../submit_files/condorfiles/NLO/result_WR3000_N2500_NLO/WRtoNLtoLLJJ_WR3000_N2500_NLO.log,0.002041,1.9e-06,1.3253246753246752
../submit_files/condorfiles/LO/result_WR3000_N2600/WRtoNLtoLLJJ_WR3000_N2600.log,0.001053,7.905e-06,../submit_files/condorfiles/NLO/result_WR3000_N2600_NLO/WRtoNLtoLLJJ_WR3000_N2600_NLO.log,0.00141,1.3e-06,1.339031339031339
../submit_files/condorfiles/LO/result_WR3000_N2700/WRtoNLtoLLJJ_WR3000_N2700.log,0.0006535,6.341e-06,../submit_files/condorfiles/NLO/result_WR3000_N2700_NLO/WRtoNLtoLLJJ_WR3000_N2700_NLO.log,0.0008674,7.7e-07,1.3273144605967866
../submit_files/condorfiles/LO/result_WR3000_N2800/WRtoNLtoLLJJ_WR3000_N2800.log,0.0003354,3.254e-06,../submit_files/condorfiles/NLO/result_WR3000_N2800_NLO/WRtoNLtoLLJJ_WR3000_N2800_NLO.log,0.0004443,3.3e-07,1.3246869409660107
../submit_files/condorfiles/LO/result_WR3000_N2900/WRtoNLtoLLJJ_WR3000_N2900.log,0.0001253,7.913e-07,../submit_files/condorfiles/NLO/result_WR3000_N2900_NLO/WRtoNLtoLLJJ_WR3000_N2900_NLO.log,0.000167,1.3e-07,1.332801276935355
../submit_files/condorfiles/LO/result_WR3500_N100/WRtoNLtoLLJJ_WR3500_N100.log,0.004462,3.706e-05,../submit_files/condorfiles/NLO/result_WR3500_N100_NLO/WRtoNLtoLLJJ_WR3500_N100_NLO.log,0.005862,5.6e-06,1.3137606454504707
../submit_files/condorfiles/LO/result_WR3500_N200/WRtoNLtoLLJJ_WR3500_N200.log,0.004256,2.233e-05,../submit_files/condorfiles/NLO/result_WR3500_N200_NLO/WRtoNLtoLLJJ_WR3500_N200_NLO.log,0.005652,5.7e-06,1.3280075187969924
../submit_files/condorfiles/LO/result_WR3500_N300/WRtoNLtoLLJJ_WR3500_N300.log,0.004091,2.461e-05,../submit_files/condorfiles/NLO/result_WR3500_N300_NLO/WRtoNLtoLLJJ_WR3500_N300_NLO.log,0.005461,5.9e-06,1.3348814470789536
../submit_files/condorfiles/LO/result_WR3500_N400/WRtoNLtoLLJJ_WR3500_N400.log,0.003992,2.964e-05,../submit_files/condorfiles/NLO/result_WR3500_N400_NLO/WRtoNLtoLLJJ_WR3500_N400_NLO.log,0.005297,5e-06,1.3269038076152304
../submit_files/condorfiles/LO/result_WR3500_N500/WRtoNLtoLLJJ_WR3500_N500.log,0.003837,2.651e-05,../submit_files/condorfiles/NLO/result_WR3500_N500_NLO/WRtoNLtoLLJJ_WR3500_N500_NLO.log,0.005135,4.9e-06,1.3382851185822255
../submit_files/condorfiles/LO/result_WR3500_N600/WRtoNLtoLLJJ_WR3500_N600.log,0.003687,2.422e-05,../submit_files/condorfiles/NLO/result_WR3500_N600_NLO/WRtoNLtoLLJJ_WR3500_N600_NLO.log,0.00498,5.3e-06,1.3506916192026037
../submit_files/condorfiles/LO/result_WR3500_N700/WRtoNLtoLLJJ_WR3500_N700.log,0.003587,2.271e-05,../submit_files/condorfiles/NLO/result_WR3500_N700_NLO/WRtoNLtoLLJJ_WR3500_N700_NLO.log,0.004832,4.8e-06,1.34708670197937
../submit_files/condorfiles/LO/result_WR3500_N800/WRtoNLtoLLJJ_WR3500_N800.log,0.003508,3.547e-05,../submit_files/condorfiles/NLO/result_WR3500_N800_NLO/WRtoNLtoLLJJ_WR3500_N800_NLO.log,0.004688,4.3e-06,1.336374002280502
../submit_files/condorfiles/LO/result_WR3500_N900/WRtoNLtoLLJJ_WR3500_N900.log,0.003328,3.087e-05,../submit_files/condorfiles/NLO/result_WR3500_N900_NLO/WRtoNLtoLLJJ_WR3500_N900_NLO.log,0.00454,4e-06,1.3641826923076923
../submit_files/condorfiles/LO/result_WR3500_N1000/WRtoNLtoLLJJ_WR3500_N1000.log,0.003226,2.992e-05,../submit_files/condorfiles/NLO/result_WR3500_N1000_NLO/WRtoNLtoLLJJ_WR3500_N1000_NLO.log,0.004388,3.6e-06,1.3601983880967143
../submit_files/condorfiles/LO/result_WR3500_N1100/WRtoNLtoLLJJ_WR3500_N1100.log,0.003119,2.817e-05,../submit_files/condorfiles/NLO/result_WR3500_N1100_NLO/WRtoNLtoLLJJ_WR3500_N1100_NLO.log,0.004241,3.3e-06,1.3597306829111895
../submit_files/condorfiles/LO/result_WR3500_N1200/WRtoNLtoLLJJ_WR3500_N1200.log,0.002994,4.097e-05,../submit_files/condorfiles/NLO/result_WR3500_N1200_NLO/WRtoNLtoLLJJ_WR3500_N1200_NLO.log,0.004081,3.1e-06,1.363059452237809
../submit_files/condorfiles/LO/result_WR3500_N1300/WRtoNLtoLLJJ_WR3500_N1300.log,0.002906,3.914e-05,../submit_files/condorfiles/NLO/result_WR3500_N1300_NLO/WRtoNLtoLLJJ_WR3500_N1300_NLO.log,0.003923,3.4e-06,1.349965588437715
../submit_files/condorfiles/LO/result_WR3500_N1400/WRtoNLtoLLJJ_WR3500_N1400.log,0.002744,3.526e-05,../submit_files/condorfiles/NLO/result_WR3500_N1400_NLO/WRtoNLtoLLJJ_WR3500_N1400_NLO.log,0.003757,3.7e-06,1.3691690962099126
../submit_files/condorfiles/LO/result_WR3500_N1500/WRtoNLtoLLJJ_WR3500_N1500.log,0.002646,1.541e-05,../submit_files/condorfiles/NLO/result_WR3500_N1500_NLO/WRtoNLtoLLJJ_WR3500_N1500_NLO.log,0.003584,3.6e-06,1.3544973544973544
../submit_files/condorfiles/LO/result_WR3500_N1600/WRtoNLtoLLJJ_WR3500_N1600.log,0.002469,2.935e-05,../submit_files/condorfiles/NLO/result_WR3500_N1600_NLO/WRtoNLtoLLJJ_WR3500_N1600_NLO.log,0.003408,3.4e-06,1.3803159173754558
../submit_files/condorfiles/LO/result_WR3500_N1700/WRtoNLtoLLJJ_WR3500_N1700.log,0.002365,1.818e-05,../submit_files/condorfiles/NLO/result_WR3500_N1700_NLO/WRtoNLtoLLJJ_WR3500_N1700_NLO.log,0.003224,3.2e-06,1.3632135306553912
../submit_files/condorfiles/LO/result_WR3500_N1800/WRtoNLtoLLJJ_WR3500_N1800.log,0.002223,1.641e-05,../submit_files/condorfiles/NLO/result_WR3500_N1800_NLO/WRtoNLtoLLJJ_WR3500_N1800_NLO.log,0.003037,3e-06,1.3661718398560503
../submit_files/condorfiles/LO/result_WR3500_N1900/WRtoNLtoLLJJ_WR3500_N1900.log,0.002084,1.512e-05,../submit_files/condorfiles/NLO/result_WR3500_N1900_NLO/WRtoNLtoLLJJ_WR3500_N1900_NLO.log,0.002837,2.7e-06,1.3613243761996163
../submit_files/condorfiles/LO/result_WR3500_N2000/WRtoNLtoLLJJ_WR3500_N2000.log,0.001929,2.063e-05,../submit_files/condorfiles/NLO/result_WR3500_N2000_NLO/WRtoNLtoLLJJ_WR3500_N2000_NLO.log,0.002634,2.5e-06,1.36547433903577
../submit_files/condorfiles/LO/result_WR3500_N2100/WRtoNLtoLLJJ_WR3500_N2100.log,0.001786,1.945e-05,../submit_files/condorfiles/NLO/result_WR3500_N2100_NLO/WRtoNLtoLLJJ_WR3500_N2100_NLO.log,0.002426,2.3e-06,1.3583426651735724
../submit_files/condorfiles/LO/result_WR3500_N2200/WRtoNLtoLLJJ_WR3500_N2200.log,0.001614,1.638e-05,../submit_files/condorfiles/NLO/result_WR3500_N2200_NLO/WRtoNLtoLLJJ_WR3500_N2200_NLO.log,0.00221,1.9e-06,1.369268897149938
../submit_files/condorfiles/LO/result_WR3500_N2300/WRtoNLtoLLJJ_WR3500_N2300.log,0.00147,1.002e-05,../submit_files/condorfiles/NLO/result_WR3500_N2300_NLO/WRtoNLtoLLJJ_WR3500_N2300_NLO.log,0.001996,1.9e-06,1.3578231292517007
../submit_files/condorfiles/LO/result_WR3500_N2400/WRtoNLtoLLJJ_WR3500_N2400.log,0.001305,1.147e-05,../submit_files/condorfiles/NLO/result_WR3500_N2400_NLO/WRtoNLtoLLJJ_WR3500_N2400_NLO.log,0.001776,1.7e-06,1.360919540229885
../submit_files/condorfiles/LO/result_WR3500_N2500/WRtoNLtoLLJJ_WR3500_N2500.log,0.00114,7.233e-06,../submit_files/condorfiles/NLO/result_WR3500_N2500_NLO/WRtoNLtoLLJJ_WR3500_N2500_NLO.log,0.001553,1.5e-06,1.3622807017543859
../submit_files/condorfiles/LO/result_WR3500_N2600/WRtoNLtoLLJJ_WR3500_N2600.log,0.0009826,9.519e-06,../submit_files/condorfiles/NLO/result_WR3500_N2600_NLO/WRtoNLtoLLJJ_WR3500_N2600_NLO.log,0.001333,1.3e-06,1.3566049257073072
../submit_files/condorfiles/LO/result_WR3500_N2700/WRtoNLtoLLJJ_WR3500_N2700.log,0.0008238,7.983e-06,../submit_files/condorfiles/NLO/result_WR3500_N2700_NLO/WRtoNLtoLLJJ_WR3500_N2700_NLO.log,0.001114,1.1e-06,1.3522699684389414
../submit_files/condorfiles/LO/result_WR3500_N2800/WRtoNLtoLLJJ_WR3500_N2800.log,0.0006674,4.161e-06,../submit_files/condorfiles/NLO/result_WR3500_N2800_NLO/WRtoNLtoLLJJ_WR3500_N2800_NLO.log,0.0009049,8.7e-07,1.3558585555888525
../submit_files/condorfiles/LO/result_WR3500_N2900/WRtoNLtoLLJJ_WR3500_N2900.log,0.0005236,3.177e-06,../submit_files/condorfiles/NLO/result_WR3500_N2900_NLO/WRtoNLtoLLJJ_WR3500_N2900_NLO.log,0.0007046,6.9e-07,1.3456837280366691
../submit_files/condorfiles/LO/result_WR3500_N3000/WRtoNLtoLLJJ_WR3500_N3000.log,0.0003877,3.547e-06,../submit_files/condorfiles/NLO/result_WR3500_N3000_NLO/WRtoNLtoLLJJ_WR3500_N3000_NLO.log,0.0005196,5e-07,1.3402115037400053
../submit_files/condorfiles/LO/result_WR3500_N3100/WRtoNLtoLLJJ_WR3500_N3100.log,0.0002653,2.403e-06,../submit_files/condorfiles/NLO/result_WR3500_N3100_NLO/WRtoNLtoLLJJ_WR3500_N3100_NLO.log,0.0003563,3.4e-07,1.3430079155672823
../submit_files/condorfiles/LO/result_WR3500_N3200/WRtoNLtoLLJJ_WR3500_N3200.log,0.0001601,1.463e-06,../submit_files/condorfiles/NLO/result_WR3500_N3200_NLO/WRtoNLtoLLJJ_WR3500_N3200_NLO.log,0.0002187,2.1e-07,1.3660212367270457
../submit_files/condorfiles/LO/result_WR3500_N3300/WRtoNLtoLLJJ_WR3500_N3300.log,8.305e-05,5.212e-07,../submit_files/condorfiles/NLO/result_WR3500_N3300_NLO/WRtoNLtoLLJJ_WR3500_N3300_NLO.log,0.0001131,8.8e-08,1.361830222757375
../submit_files/condorfiles/LO/result_WR3500_N3400/WRtoNLtoLLJJ_WR3500_N3400.log,3.322e-05,2.349e-07,../submit_files/condorfiles/NLO/result_WR3500_N3400_NLO/WRtoNLtoLLJJ_WR3500_N3400_NLO.log,4.488e-05,3.7e-08,1.3509933774834437
../submit_files/condorfiles/LO/result_WR4000_N100/WRtoNLtoLLJJ_WR4000_N100.log,0.001833,1.086e-05,../submit_files/condorfiles/NLO/result_WR4000_N100_NLO/WRtoNLtoLLJJ_WR4000_N100_NLO.log,0.002399,2.4e-06,1.308783415166394
../submit_files/condorfiles/LO/result_WR4000_N200/WRtoNLtoLLJJ_WR4000_N200.log,0.001726,6.768e-06,../submit_files/condorfiles/NLO/result_WR4000_N200_NLO/WRtoNLtoLLJJ_WR4000_N200_NLO.log,0.002271,2.4e-06,1.3157589803012746
../submit_files/condorfiles/LO/result_WR4000_N300/WRtoNLtoLLJJ_WR4000_N300.log,0.001625,6.043e-06,../submit_files/condorfiles/NLO/result_WR4000_N300_NLO/WRtoNLtoLLJJ_WR4000_N300_NLO.log,0.002173,2.2e-06,1.3372307692307692
../submit_files/condorfiles/LO/result_WR4000_N400/WRtoNLtoLLJJ_WR4000_N400.log,0.00155,8.005e-06,../submit_files/condorfiles/NLO/result_WR4000_N400_NLO/WRtoNLtoLLJJ_WR4000_N400_NLO.log,0.002083,2.2e-06,1.3438709677419356
../submit_files/condorfiles/LO/result_WR4000_N500/WRtoNLtoLLJJ_WR4000_N500.log,0.001491,7.421e-06,../submit_files/condorfiles/NLO/result_WR4000_N500_NLO/WRtoNLtoLLJJ_WR4000_N500_NLO.log,0.002004,1.9e-06,1.3440643863179076
../submit_files/condorfiles/LO/result_WR4000_N600/WRtoNLtoLLJJ_WR4000_N600.log,0.001431,7.039e-06,../submit_files/condorfiles/NLO/result_WR4000_N600_NLO/WRtoNLtoLLJJ_WR4000_N600_NLO.log,0.001931,1.7e-06,1.3494060097833682
../submit_files/condorfiles/LO/result_WR4000_N700/WRtoNLtoLLJJ_WR4000_N700.log,0.001385,9.598e-06,../submit_files/condorfiles/NLO/result_WR4000_N700_NLO/WRtoNLtoLLJJ_WR4000_N700_NLO.log,0.001867,1.6e-06,1.348014440433213
../submit_files/condorfiles/LO/result_WR4000_N800/WRtoNLtoLLJJ_WR4000_N800.log,0.001338,8.971e-06,../submit_files/condorfiles/NLO/result_WR4000_N800_NLO/WRtoNLtoLLJJ_WR4000_N800_NLO.log,0.001806,1.5e-06,1.3497757847533634
../submit_files/condorfiles/LO/result_WR4000_N900/WRtoNLtoLLJJ_WR4000_N900.log,0.0013,1.409e-05,../submit_files/condorfiles/NLO/result_WR4000_N900_NLO/WRtoNLtoLLJJ_WR4000_N900_NLO.log,0.001746,1.8e-06,1.343076923076923
../submit_files/condorfiles/LO/result_WR4000_N1000/WRtoNLtoLLJJ_WR4000_N1000.log,0.001246,1.307e-05,../submit_files/condorfiles/NLO/result_WR4000_N1000_NLO/WRtoNLtoLLJJ_WR4000_N1000_NLO.log,0.001692,1.6e-06,1.3579454253611558
../submit_files/condorfiles/LO/result_WR4000_N1100/WRtoNLtoLLJJ_WR4000_N1100.log,0.001186,1.196e-05,../submit_files/condorfiles/NLO/result_WR4000_N1100_NLO/WRtoNLtoLLJJ_WR4000_N1100_NLO.log,0.001633,1.5e-06,1.3768971332209106
../submit_files/condorfiles/LO/result_WR4000_N1200/WRtoNLtoLLJJ_WR4000_N1200.log,0.001153,1.205e-05,../submit_files/condorfiles/NLO/result_WR4000_N1200_NLO/WRtoNLtoLLJJ_WR4000_N1200_NLO.log,0.001579,1.4e-06,1.3694709453599307
../submit_files/condorfiles/LO/result_WR4000_N1300/WRtoNLtoLLJJ_WR4000_N1300.log,0.001107,1.143e-05,../submit_files/condorfiles/NLO/result_WR4000_N1300_NLO/WRtoNLtoLLJJ_WR4000_N1300_NLO.log,0.001524,1.3e-06,1.3766937669376695
../submit_files/condorfiles/LO/result_WR4000_N1400/WRtoNLtoLLJJ_WR4000_N1400.log,0.00109,1.457e-05,../submit_files/condorfiles/NLO/result_WR4000_N1400_NLO/WRtoNLtoLLJJ_WR4000_N1400_NLO.log,0.001469,1.2e-06,1.3477064220183486
../submit_files/condorfiles/LO/result_WR4000_N1500/WRtoNLtoLLJJ_WR4000_N1500.log,0.00105,1.361e-05,../submit_files/condorfiles/NLO/result_WR4000_N1500_NLO/WRtoNLtoLLJJ_WR4000_N1500_NLO.log,0.001415,1.1e-06,1.3476190476190477
../submit_files/condorfiles/LO/result_WR4000_N1600/WRtoNLtoLLJJ_WR4000_N1600.log,0.0009974,1.261e-05,../submit_files/condorfiles/NLO/result_WR4000_N1600_NLO/WRtoNLtoLLJJ_WR4000_N1600_NLO.log,0.001359,1.1e-06,1.3625426107880487
../submit_files/condorfiles/LO/result_WR4000_N1700/WRtoNLtoLLJJ_WR4000_N1700.log,0.0009353,1.069e-05,../submit_files/condorfiles/NLO/result_WR4000_N1700_NLO/WRtoNLtoLLJJ_WR4000_N1700_NLO.log,0.001301,1e-06,1.3909975408959692
../submit_files/condorfiles/LO/result_WR4000_N1800/WRtoNLtoLLJJ_WR4000_N1800.log,0.0009105,9.331e-06,../submit_files/condorfiles/NLO/result_WR4000_N1800_NLO/WRtoNLtoLLJJ_WR4000_N1800_NLO.log,0.001242,9.8e-07,1.3640856672158157
../submit_files/condorfiles/LO/result_WR4000_N1900/WRtoNLtoLLJJ_WR4000_N1900.log,0.0008682,7.869e-06,../submit_files/condorfiles/NLO/result_WR4000_N1900_NLO/WRtoNLtoLLJJ_WR4000_N1900_NLO.log,0.001184,9.8e-07,1.363741073485372
../submit_files/condorfiles/LO/result_WR4000_N2000/WRtoNLtoLLJJ_WR4000_N2000.log,0.0008157,5.865e-06,../submit_files/condorfiles/NLO/result_WR4000_N2000_NLO/WRtoNLtoLLJJ_WR4000_N2000_NLO.log,0.001122,8.5e-07,1.3755057006252298
../submit_files/condorfiles/LO/result_WR4000_N2100/WRtoNLtoLLJJ_WR4000_N2100.log,0.00077,5.377e-06,../submit_files/condorfiles/NLO/result_WR4000_N2100_NLO/WRtoNLtoLLJJ_WR4000_N2100_NLO.log,0.00106,8e-07,1.3766233766233766
../submit_files/condorfiles/LO/result_WR4000_N2200/WRtoNLtoLLJJ_WR4000_N2200.log,0.0007206,4.824e-06,../submit_files/condorfiles/NLO/result_WR4000_N2200_NLO/WRtoNLtoLLJJ_WR4000_N2200_NLO.log,0.0009962,7.5e-07,1.3824590618928672
../submit_files/condorfiles/LO/result_WR4000_N2300/WRtoNLtoLLJJ_WR4000_N2300.log,0.0006751,6.671e-06,../submit_files/condorfiles/NLO/result_WR4000_N2300_NLO/WRtoNLtoLLJJ_WR4000_N2300_NLO.log,0.0009328,8.2e-07,1.3817212264849652
../submit_files/condorfiles/LO/result_WR4000_N2400/WRtoNLtoLLJJ_WR4000_N2400.log,0.0006331,5.113e-06,../submit_files/condorfiles/NLO/result_WR4000_N2400_NLO/WRtoNLtoLLJJ_WR4000_N2400_NLO.log,0.000866,8.4e-07,1.3678723740325383
../submit_files/condorfiles/LO/result_WR4000_N2500/WRtoNLtoLLJJ_WR4000_N2500.log,0.0005812,5.618e-06,../submit_files/condorfiles/NLO/result_WR4000_N2500_NLO/WRtoNLtoLLJJ_WR4000_N2500_NLO.log,0.0007985,7.7e-07,1.3738816242257397
../submit_files/condorfiles/LO/result_WR4000_N2600/WRtoNLtoLLJJ_WR4000_N2600.log,0.0005412,5.453e-06,../submit_files/condorfiles/NLO/result_WR4000_N2600_NLO/WRtoNLtoLLJJ_WR4000_N2600_NLO.log,0.0007301,7.1e-07,1.3490391722099038
../submit_files/condorfiles/LO/result_WR4000_N2700/WRtoNLtoLLJJ_WR4000_N2700.log,0.0004878,4.609e-06,../submit_files/condorfiles/NLO/result_WR4000_N2700_NLO/WRtoNLtoLLJJ_WR4000_N2700_NLO.log,0.0006606,6.3e-07,1.3542435424354244
../submit_files/condorfiles/LO/result_WR4000_N2800/WRtoNLtoLLJJ_WR4000_N2800.log,0.0004332,3.947e-06,../submit_files/condorfiles/NLO/result_WR4000_N2800_NLO/WRtoNLtoLLJJ_WR4000_N2800_NLO.log,0.0005916,5.6e-07,1.3656509695290857
../submit_files/condorfiles/LO/result_WR4000_N2900/WRtoNLtoLLJJ_WR4000_N2900.log,0.0003821,3.558e-06,../submit_files/condorfiles/NLO/result_WR4000_N2900_NLO/WRtoNLtoLLJJ_WR4000_N2900_NLO.log,0.0005224,5e-07,1.3671813661345198
../submit_files/condorfiles/LO/result_WR4000_N3000/WRtoNLtoLLJJ_WR4000_N3000.log,0.0003317,2.934e-06,../submit_files/condorfiles/NLO/result_WR4000_N3000_NLO/WRtoNLtoLLJJ_WR4000_N3000_NLO.log,0.0004532,3.9e-07,1.3662948447392222
../submit_files/condorfiles/LO/result_WR4000_N3100/WRtoNLtoLLJJ_WR4000_N3100.log,0.0002827,2.479e-06,../submit_files/condorfiles/NLO/result_WR4000_N3100_NLO/WRtoNLtoLLJJ_WR4000_N3100_NLO.log,0.0003854,3.3e-07,1.363282631765122
../submit_files/condorfiles/LO/result_WR4000_N3200/WRtoNLtoLLJJ_WR4000_N3200.log,0.0002363,2.067e-06,../submit_files/condorfiles/NLO/result_WR4000_N3200_NLO/WRtoNLtoLLJJ_WR4000_N3200_NLO.log,0.0003205,2.7e-07,1.3563267033432078
../submit_files/condorfiles/LO/result_WR4000_N3300/WRtoNLtoLLJJ_WR4000_N3300.log,0.0001906,1.1e-06,../submit_files/condorfiles/NLO/result_WR4000_N3300_NLO/WRtoNLtoLLJJ_WR4000_N3300_NLO.log,0.000258,2.5e-07,1.353620146904512
../submit_files/condorfiles/LO/result_WR4000_N3400/WRtoNLtoLLJJ_WR4000_N3400.log,0.0001455,7.833e-07,../submit_files/condorfiles/NLO/result_WR4000_N3400_NLO/WRtoNLtoLLJJ_WR4000_N3400_NLO.log,0.0001997,2e-07,1.3725085910652919
../submit_files/condorfiles/LO/result_WR4000_N3500/WRtoNLtoLLJJ_WR4000_N3500.log,0.0001078,1.021e-06,../submit_files/condorfiles/NLO/result_WR4000_N3500_NLO/WRtoNLtoLLJJ_WR4000_N3500_NLO.log,0.0001465,1.3e-07,1.3589981447124304
../submit_files/condorfiles/LO/result_WR4000_N3600/WRtoNLtoLLJJ_WR4000_N3600.log,7.391e-05,6.226e-07,../submit_files/condorfiles/NLO/result_WR4000_N3600_NLO/WRtoNLtoLLJJ_WR4000_N3600_NLO.log,9.992e-05,7.5e-08,1.3519144905966716
../submit_files/condorfiles/LO/result_WR4000_N3700/WRtoNLtoLLJJ_WR4000_N3700.log,4.553e-05,3.846e-07,../submit_files/condorfiles/NLO/result_WR4000_N3700_NLO/WRtoNLtoLLJJ_WR4000_N3700_NLO.log,6.155e-05,4.8e-08,1.351855919174171
../submit_files/condorfiles/LO/result_WR4000_N3800/WRtoNLtoLLJJ_WR4000_N3800.log,2.386e-05,2.054e-07,../submit_files/condorfiles/NLO/result_WR4000_N3800_NLO/WRtoNLtoLLJJ_WR4000_N3800_NLO.log,3.242e-05,2.6e-08,1.3587594300083823
../submit_files/condorfiles/LO/result_WR4000_N3900/WRtoNLtoLLJJ_WR4000_N3900.log,1.003e-05,9.729e-08,../submit_files/condorfiles/NLO/result_WR4000_N3900_NLO/WRtoNLtoLLJJ_WR4000_N3900_NLO.log,1.364e-05,1.2e-08,1.3599202392821534
../submit_files/condorfiles/LO/result_WR4500_N100/WRtoNLtoLLJJ_WR4500_N100.log,0.0008623,6.548e-06,../submit_files/condorfiles/NLO/result_WR4500_N100_NLO/WRtoNLtoLLJJ_WR4500_N100_NLO.log,0.001111,1.1e-06,1.2884147048590977
../submit_files/condorfiles/LO/result_WR4500_N200/WRtoNLtoLLJJ_WR4500_N200.log,0.0007851,2.178e-06,../submit_files/condorfiles/NLO/result_WR4500_N200_NLO/WRtoNLtoLLJJ_WR4500_N200_NLO.log,0.001034,1.1e-06,1.3170296777480577
../submit_files/condorfiles/LO/result_WR4500_N300/WRtoNLtoLLJJ_WR4500_N300.log,0.0007316,3.012e-06,../submit_files/condorfiles/NLO/result_WR4500_N300_NLO/WRtoNLtoLLJJ_WR4500_N300_NLO.log,0.0009716,9.9e-07,1.328048113723346
../submit_files/condorfiles/LO/result_WR4500_N400/WRtoNLtoLLJJ_WR4500_N400.log,0.0006902,2.678e-06,../submit_files/condorfiles/NLO/result_WR4500_N400_NLO/WRtoNLtoLLJJ_WR4500_N400_NLO.log,0.0009209,1e-06,1.3342509417560129
../submit_files/condorfiles/LO/result_WR4500_N500/WRtoNLtoLLJJ_WR4500_N500.log,0.0006541,2.427e-06,../submit_files/condorfiles/NLO/result_WR4500_N500_NLO/WRtoNLtoLLJJ_WR4500_N500_NLO.log,0.0008763,9.1e-07,1.3397034092646385
../submit_files/condorfiles/LO/result_WR4500_N600/WRtoNLtoLLJJ_WR4500_N600.log,0.0006221,2.396e-06,../submit_files/condorfiles/NLO/result_WR4500_N600_NLO/WRtoNLtoLLJJ_WR4500_N600_NLO.log,0.0008369,7.6e-07,1.3452821089856937
../submit_files/condorfiles/LO/result_WR4500_N700/WRtoNLtoLLJJ_WR4500_N700.log,0.0005965,3.209e-06,../submit_files/condorfiles/NLO/result_WR4500_N700_NLO/WRtoNLtoLLJJ_WR4500_N700_NLO.log,0.0008019,6.8e-07,1.344341994970662
../submit_files/condorfiles/LO/result_WR4500_N800/WRtoNLtoLLJJ_WR4500_N800.log,0.0005708,3.374e-06,../submit_files/condorfiles/NLO/result_WR4500_N800_NLO/WRtoNLtoLLJJ_WR4500_N800_NLO.log,0.0007718,7.2e-07,1.352137351086195
../submit_files/condorfiles/LO/result_WR4500_N900/WRtoNLtoLLJJ_WR4500_N900.log,0.0005457,4.073e-06,../submit_files/condorfiles/NLO/result_WR4500_N900_NLO/WRtoNLtoLLJJ_WR4500_N900_NLO.log,0.000744,7.2e-07,1.3633864760857615
../submit_files/condorfiles/LO/result_WR4500_N1000/WRtoNLtoLLJJ_WR4500_N1000.log,0.0005263,2.736e-06,../submit_files/condorfiles/NLO/result_WR4500_N1000_NLO/WRtoNLtoLLJJ_WR4500_N1000_NLO.log,0.0007164,6.4e-07,1.3612008360250805
../submit_files/condorfiles/LO/result_WR4500_N1100/WRtoNLtoLLJJ_WR4500_N1100.log,0.0005056,5.949e-06,../submit_files/condorfiles/NLO/result_WR4500_N1100_NLO/WRtoNLtoLLJJ_WR4500_N1100_NLO.log,0.0006912,6.1e-07,1.3670886075949367
../submit_files/condorfiles/LO/result_WR4500_N1200/WRtoNLtoLLJJ_WR4500_N1200.log,0.0004872,3.787e-06,../submit_files/condorfiles/NLO/result_WR4500_N1200_NLO/WRtoNLtoLLJJ_WR4500_N1200_NLO.log,0.0006676,5.7e-07,1.370279146141215
../submit_files/condorfiles/LO/result_WR4500_N1300/WRtoNLtoLLJJ_WR4500_N1300.log,0.0004591,6.464e-06,../submit_files/condorfiles/NLO/result_WR4500_N1300_NLO/WRtoNLtoLLJJ_WR4500_N1300_NLO.log,0.0006444,5.9e-07,1.403615769984753
../submit_files/condorfiles/LO/result_WR4500_N1400/WRtoNLtoLLJJ_WR4500_N1400.log,0.0004466,6.023e-06,../submit_files/condorfiles/NLO/result_WR4500_N1400_NLO/WRtoNLtoLLJJ_WR4500_N1400_NLO.log,0.0006224,5.6e-07,1.393640841916704
../submit_files/condorfiles/LO/result_WR4500_N1500/WRtoNLtoLLJJ_WR4500_N1500.log,0.0004317,5.444e-06,../submit_files/condorfiles/NLO/result_WR4500_N1500_NLO/WRtoNLtoLLJJ_WR4500_N1500_NLO.log,0.0006007,5.7e-07,1.3914755617326848
../submit_files/condorfiles/LO/result_WR4500_N1600/WRtoNLtoLLJJ_WR4500_N1600.log,0.000424,5.208e-06,../submit_files/condorfiles/NLO/result_WR4500_N1600_NLO/WRtoNLtoLLJJ_WR4500_N1600_NLO.log,0.0005791,5.1e-07,1.3658018867924528
../submit_files/condorfiles/LO/result_WR4500_N1700/WRtoNLtoLLJJ_WR4500_N1700.log,0.0004082,4.91e-06,../submit_files/condorfiles/NLO/result_WR4500_N1700_NLO/WRtoNLtoLLJJ_WR4500_N1700_NLO.log,0.0005586,4.9e-07,1.3684468397844194
../submit_files/condorfiles/LO/result_WR4500_N1800/WRtoNLtoLLJJ_WR4500_N1800.log,0.0003847,4.276e-06,../submit_files/condorfiles/NLO/result_WR4500_N1800_NLO/WRtoNLtoLLJJ_WR4500_N1800_NLO.log,0.0005376,4.5e-07,1.3974525604367036
../submit_files/condorfiles/LO/result_WR4500_N1900/WRtoNLtoLLJJ_WR4500_N1900.log,0.0003749,4.594e-06,../submit_files/condorfiles/NLO/result_WR4500_N1900_NLO/WRtoNLtoLLJJ_WR4500_N1900_NLO.log,0.000516,4.3e-07,1.376367031208322
../submit_files/condorfiles/LO/result_WR4500_N2000/WRtoNLtoLLJJ_WR4500_N2000.log,0.0003573,3.807e-06,../submit_files/condorfiles/NLO/result_WR4500_N2000_NLO/WRtoNLtoLLJJ_WR4500_N2000_NLO.log,0.0004947,4.1e-07,1.3845507976490345
../submit_files/condorfiles/LO/result_WR4500_N2100/WRtoNLtoLLJJ_WR4500_N2100.log,0.0003438,3.616e-06,../submit_files/condorfiles/NLO/result_WR4500_N2100_NLO/WRtoNLtoLLJJ_WR4500_N2100_NLO.log,0.0004726,3.9e-07,1.3746364165212333
../submit_files/condorfiles/LO/result_WR4500_N2200/WRtoNLtoLLJJ_WR4500_N2200.log,0.0003263,2.254e-06,../submit_files/condorfiles/NLO/result_WR4500_N2200_NLO/WRtoNLtoLLJJ_WR4500_N2200_NLO.log,0.0004512,3.6e-07,1.382776585963837
../submit_files/condorfiles/LO/result_WR4500_N2300/WRtoNLtoLLJJ_WR4500_N2300.log,0.0003118,2.099e-06,../submit_files/condorfiles/NLO/result_WR4500_N2300_NLO/WRtoNLtoLLJJ_WR4500_N2300_NLO.log,0.0004291,3.4e-07,1.3762026940346377
../submit_files/condorfiles/LO/result_WR4500_N2400/WRtoNLtoLLJJ_WR4500_N2400.log,0.0002944,1.886e-06,../submit_files/condorfiles/NLO/result_WR4500_N2400_NLO/WRtoNLtoLLJJ_WR4500_N2400_NLO.log,0.0004069,3.1e-07,1.382133152173913
../submit_files/condorfiles/LO/result_WR4500_N2500/WRtoNLtoLLJJ_WR4500_N2500.log,0.0002786,1.748e-06,../submit_files/condorfiles/NLO/result_WR4500_N2500_NLO/WRtoNLtoLLJJ_WR4500_N2500_NLO.log,0.0003844,2.9e-07,1.3797559224694904
../submit_files/condorfiles/LO/result_WR4500_N2600/WRtoNLtoLLJJ_WR4500_N2600.log,0.0002613,2.297e-06,../submit_files/condorfiles/NLO/result_WR4500_N2600_NLO/WRtoNLtoLLJJ_WR4500_N2600_NLO.log,0.0003612,2.6e-07,1.3823191733639495
../submit_files/condorfiles/LO/result_WR4500_N2700/WRtoNLtoLLJJ_WR4500_N2700.log,0.0002466,2.227e-06,../submit_files/condorfiles/NLO/result_WR4500_N2700_NLO/WRtoNLtoLLJJ_WR4500_N2700_NLO.log,0.0003379,2.5e-07,1.370235198702352
../submit_files/condorfiles/LO/result_WR4500_N2800/WRtoNLtoLLJJ_WR4500_N2800.log,0.000229,1.997e-06,../submit_files/condorfiles/NLO/result_WR4500_N2800_NLO/WRtoNLtoLLJJ_WR4500_N2800_NLO.log,0.0003145,2.3e-07,1.3733624454148472
../submit_files/condorfiles/LO/result_WR4500_N2900/WRtoNLtoLLJJ_WR4500_N2900.log,0.0002132,1.937e-06,../submit_files/condorfiles/NLO/result_WR4500_N2900_NLO/WRtoNLtoLLJJ_WR4500_N2900_NLO.log,0.0002908,2.5e-07,1.3639774859287055
../submit_files/condorfiles/LO/result_WR4500_N3000/WRtoNLtoLLJJ_WR4500_N3000.log,0.0001974,1.789e-06,../submit_files/condorfiles/NLO/result_WR4500_N3000_NLO/WRtoNLtoLLJJ_WR4500_N3000_NLO.log,0.0002666,2.3e-07,1.3505572441742653
../submit_files/condorfiles/LO/result_WR4500_N3100/WRtoNLtoLLJJ_WR4500_N3100.log,0.0001785,1.484e-06,../submit_files/condorfiles/NLO/result_WR4500_N3100_NLO/WRtoNLtoLLJJ_WR4500_N3100_NLO.log,0.0002426,2.3e-07,1.3591036414565825
../submit_files/condorfiles/LO/result_WR4500_N3200/WRtoNLtoLLJJ_WR4500_N3200.log,0.0001608,1.362e-06,../submit_files/condorfiles/NLO/result_WR4500_N3200_NLO/WRtoNLtoLLJJ_WR4500_N3200_NLO.log,0.0002185,2.1e-07,1.3588308457711442
../submit_files/condorfiles/LO/result_WR4500_N3300/WRtoNLtoLLJJ_WR4500_N3300.log,0.0001436,1.219e-06,../submit_files/condorfiles/NLO/result_WR4500_N3300_NLO/WRtoNLtoLLJJ_WR4500_N3300_NLO.log,0.0001943,1.7e-07,1.3530640668523677
../submit_files/condorfiles/LO/result_WR4500_N3400/WRtoNLtoLLJJ_WR4500_N3400.log,0.0001257,1.026e-06,../submit_files/condorfiles/NLO/result_WR4500_N3400_NLO/WRtoNLtoLLJJ_WR4500_N3400_NLO.log,0.0001705,1.5e-07,1.3564041368337312
../submit_files/condorfiles/LO/result_WR4500_N3500/WRtoNLtoLLJJ_WR4500_N3500.log,0.0001089,8.788e-07,../submit_files/condorfiles/NLO/result_WR4500_N3500_NLO/WRtoNLtoLLJJ_WR4500_N3500_NLO.log,0.0001473,1.4e-07,1.3526170798898072
../submit_files/condorfiles/LO/result_WR4500_N3600/WRtoNLtoLLJJ_WR4500_N3600.log,9.211e-05,7.344e-07,../submit_files/condorfiles/NLO/result_WR4500_N3600_NLO/WRtoNLtoLLJJ_WR4500_N3600_NLO.log,0.0001245,1.2e-07,1.3516447725545542
../submit_files/condorfiles/LO/result_WR4500_N3700/WRtoNLtoLLJJ_WR4500_N3700.log,7.676e-05,6.056e-07,../submit_files/condorfiles/NLO/result_WR4500_N3700_NLO/WRtoNLtoLLJJ_WR4500_N3700_NLO.log,0.0001028,8.9e-08,1.3392391870766025
../submit_files/condorfiles/LO/result_WR4500_N3800/WRtoNLtoLLJJ_WR4500_N3800.log,6.042e-05,3.331e-07,../submit_files/condorfiles/NLO/result_WR4500_N3800_NLO/WRtoNLtoLLJJ_WR4500_N3800_NLO.log,8.247e-05,8e-08,1.3649453823237339
../submit_files/condorfiles/LO/result_WR4500_N3900/WRtoNLtoLLJJ_WR4500_N3900.log,4.667e-05,2.409e-07,../submit_files/condorfiles/NLO/result_WR4500_N3900_NLO/WRtoNLtoLLJJ_WR4500_N3900_NLO.log,6.36e-05,5.5e-08,1.3627598028712236
../submit_files/condorfiles/LO/result_WR4500_N4000/WRtoNLtoLLJJ_WR4500_N4000.log,3.447e-05,2.719e-07,../submit_files/condorfiles/NLO/result_WR4500_N4000_NLO/WRtoNLtoLLJJ_WR4500_N4000_NLO.log,4.656e-05,3.4e-08,1.350739773716275
../submit_files/condorfiles/LO/result_WR4500_N4100/WRtoNLtoLLJJ_WR4500_N4100.log,2.355e-05,1.684e-07,../submit_files/condorfiles/NLO/result_WR4500_N4100_NLO/WRtoNLtoLLJJ_WR4500_N4100_NLO.log,3.187e-05,2.4e-08,1.3532908704883226
../submit_files/condorfiles/LO/result_WR4500_N4200/WRtoNLtoLLJJ_WR4500_N4200.log,1.467e-05,1.148e-07,../submit_files/condorfiles/NLO/result_WR4500_N4200_NLO/WRtoNLtoLLJJ_WR4500_N4200_NLO.log,1.978e-05,1.6e-08,1.3483299250170415
../submit_files/condorfiles/LO/result_WR4500_N4300/WRtoNLtoLLJJ_WR4500_N4300.log,7.885e-06,7.037e-08,../submit_files/condorfiles/NLO/result_WR4500_N4300_NLO/WRtoNLtoLLJJ_WR4500_N4300_NLO.log,1.065e-05,8.5e-09,1.3506658211794547
../submit_files/condorfiles/LO/result_WR4500_N4400/WRtoNLtoLLJJ_WR4500_N4400.log,3.567e-06,3.677e-08,../submit_files/condorfiles/NLO/result_WR4500_N4400_NLO/WRtoNLtoLLJJ_WR4500_N4400_NLO.log,4.765e-06,4.2e-09,1.335856462012896
../submit_files/condorfiles/LO/result_WR5000_N100/WRtoNLtoLLJJ_WR5000_N100.log,0.0004548,3.067e-06,../submit_files/condorfiles/NLO/result_WR5000_N100_NLO/WRtoNLtoLLJJ_WR5000_N100_NLO.log,0.0005795,6.7e-07,1.2741864555848725
../submit_files/condorfiles/LO/result_WR5000_N200/WRtoNLtoLLJJ_WR5000_N200.log,0.0004096,1.195e-06,../submit_files/condorfiles/NLO/result_WR5000_N200_NLO/WRtoNLtoLLJJ_WR5000_N200_NLO.log,0.0005297,6e-07,1.2932128906250002
../submit_files/condorfiles/LO/result_WR5000_N300/WRtoNLtoLLJJ_WR5000_N300.log,0.0003744,1.358e-06,../submit_files/condorfiles/NLO/result_WR5000_N300_NLO/WRtoNLtoLLJJ_WR5000_N300_NLO.log,0.0004912,5e-07,1.311965811965812
../submit_files/condorfiles/LO/result_WR5000_N400/WRtoNLtoLLJJ_WR5000_N400.log,0.000347,9.571e-07,../submit_files/condorfiles/NLO/result_WR5000_N400_NLO/WRtoNLtoLLJJ_WR5000_N400_NLO.log,0.0004585,4.6e-07,1.3213256484149856
../submit_files/condorfiles/LO/result_WR5000_N500/WRtoNLtoLLJJ_WR5000_N500.log,0.0003243,1.335e-06,../submit_files/condorfiles/NLO/result_WR5000_N500_NLO/WRtoNLtoLLJJ_WR5000_N500_NLO.log,0.0004309,4.8e-07,1.3287079864323157
../submit_files/condorfiles/LO/result_WR5000_N600/WRtoNLtoLLJJ_WR5000_N600.log,0.0003044,1.249e-06,../submit_files/condorfiles/NLO/result_WR5000_N600_NLO/WRtoNLtoLLJJ_WR5000_N600_NLO.log,0.0004074,4.2e-07,1.3383705650459918
../submit_files/condorfiles/LO/result_WR5000_N700/WRtoNLtoLLJJ_WR5000_N700.log,0.0002882,1.082e-06,../submit_files/condorfiles/NLO/result_WR5000_N700_NLO/WRtoNLtoLLJJ_WR5000_N700_NLO.log,0.0003868,3.7e-07,1.3421235253296322
../submit_files/condorfiles/LO/result_WR5000_N800/WRtoNLtoLLJJ_WR5000_N800.log,0.0002738,1.009e-06,../submit_files/condorfiles/NLO/result_WR5000_N800_NLO/WRtoNLtoLLJJ_WR5000_N800_NLO.log,0.0003693,3.5e-07,1.3487947406866325
../submit_files/condorfiles/LO/result_WR5000_N900/WRtoNLtoLLJJ_WR5000_N900.log,0.0002624,1.436e-06,../submit_files/condorfiles/NLO/result_WR5000_N900_NLO/WRtoNLtoLLJJ_WR5000_N900_NLO.log,0.0003534,3.1e-07,1.346798780487805
../submit_files/condorfiles/LO/result_WR5000_N1000/WRtoNLtoLLJJ_WR5000_N1000.log,0.0002521,1.359e-06,../submit_files/condorfiles/NLO/result_WR5000_N1000_NLO/WRtoNLtoLLJJ_WR5000_N1000_NLO.log,0.0003384,3.2e-07,1.3423244744149148
../submit_files/condorfiles/LO/result_WR5000_N1100/WRtoNLtoLLJJ_WR5000_N1100.log,0.0002422,1.266e-06,../submit_files/condorfiles/NLO/result_WR5000_N1100_NLO/WRtoNLtoLLJJ_WR5000_N1100_NLO.log,0.0003256,3.3e-07,1.3443435177539222
../submit_files/condorfiles/LO/result_WR5000_N1200/WRtoNLtoLLJJ_WR5000_N1200.log,0.0002296,1.627e-06,../submit_files/condorfiles/NLO/result_WR5000_N1200_NLO/WRtoNLtoLLJJ_WR5000_N1200_NLO.log,0.000313,2.8e-07,1.363240418118467
../submit_files/condorfiles/LO/result_WR5000_N1300/WRtoNLtoLLJJ_WR5000_N1300.log,0.0002217,2.249e-06,../submit_files/condorfiles/NLO/result_WR5000_N1300_NLO/WRtoNLtoLLJJ_WR5000_N1300_NLO.log,0.0003016,2.9e-07,1.3603969327920615
../submit_files/condorfiles/LO/result_WR5000_N1400/WRtoNLtoLLJJ_WR5000_N1400.log,0.0002094,3.15e-06,../submit_files/condorfiles/NLO/result_WR5000_N1400_NLO/WRtoNLtoLLJJ_WR5000_N1400_NLO.log,0.0002912,2.7e-07,1.390639923591213
../submit_files/condorfiles/LO/result_WR5000_N1500/WRtoNLtoLLJJ_WR5000_N1500.log,0.0002026,2.875e-06,../submit_files/condorfiles/NLO/result_WR5000_N1500_NLO/WRtoNLtoLLJJ_WR5000_N1500_NLO.log,0.0002807,2.5e-07,1.3854886475814412
../submit_files/condorfiles/LO/result_WR5000_N1600/WRtoNLtoLLJJ_WR5000_N1600.log,0.0001957,2.575e-06,../submit_files/condorfiles/NLO/result_WR5000_N1600_NLO/WRtoNLtoLLJJ_WR5000_N1600_NLO.log,0.0002716,2.2e-07,1.387838528359734
../submit_files/condorfiles/LO/result_WR5000_N1700/WRtoNLtoLLJJ_WR5000_N1700.log,0.0001931,1.65e-06,../submit_files/condorfiles/NLO/result_WR5000_N1700_NLO/WRtoNLtoLLJJ_WR5000_N1700_NLO.log,0.0002622,2e-07,1.3578456758156394
../submit_files/condorfiles/LO/result_WR5000_N1800/WRtoNLtoLLJJ_WR5000_N1800.log,0.0001874,2.054e-06,../submit_files/condorfiles/NLO/result_WR5000_N1800_NLO/WRtoNLtoLLJJ_WR5000_N1800_NLO.log,0.0002528,2.2e-07,1.3489861259338314
../submit_files/condorfiles/LO/result_WR5000_N1900/WRtoNLtoLLJJ_WR5000_N1900.log,0.00018,2.226e-06,../submit_files/condorfiles/NLO/result_WR5000_N1900_NLO/WRtoNLtoLLJJ_WR5000_N1900_NLO.log,0.0002437,2.4e-07,1.3538888888888887
../submit_files/condorfiles/LO/result_WR5000_N2000/WRtoNLtoLLJJ_WR5000_N2000.log,0.0001701,1.853e-06,../submit_files/condorfiles/NLO/result_WR5000_N2000_NLO/WRtoNLtoLLJJ_WR5000_N2000_NLO.log,0.0002351,2.2e-07,1.3821281599059378
../submit_files/condorfiles/LO/result_WR5000_N2100/WRtoNLtoLLJJ_WR5000_N2100.log,0.0001652,1.336e-06,../submit_files/condorfiles/NLO/result_WR5000_N2100_NLO/WRtoNLtoLLJJ_WR5000_N2100_NLO.log,0.0002265,2e-07,1.3710653753026634
../submit_files/condorfiles/LO/result_WR5000_N2200/WRtoNLtoLLJJ_WR5000_N2200.log,0.0001587,1.631e-06,../submit_files/condorfiles/NLO/result_WR5000_N2200_NLO/WRtoNLtoLLJJ_WR5000_N2200_NLO.log,0.0002178,1.9e-07,1.3724007561436673
../submit_files/condorfiles/LO/result_WR5000_N2300/WRtoNLtoLLJJ_WR5000_N2300.log,0.0001532,1.535e-06,../submit_files/condorfiles/NLO/result_WR5000_N2300_NLO/WRtoNLtoLLJJ_WR5000_N2300_NLO.log,0.0002091,1.8e-07,1.364882506527415
../submit_files/condorfiles/LO/result_WR5000_N2400/WRtoNLtoLLJJ_WR5000_N2400.log,0.0001461,9.915e-07,../submit_files/condorfiles/NLO/result_WR5000_N2400_NLO/WRtoNLtoLLJJ_WR5000_N2400_NLO.log,0.0002005,1.7e-07,1.3723477070499657
../submit_files/condorfiles/LO/result_WR5000_N2500/WRtoNLtoLLJJ_WR5000_N2500.log,0.0001403,9.184e-07,../submit_files/condorfiles/NLO/result_WR5000_N2500_NLO/WRtoNLtoLLJJ_WR5000_N2500_NLO.log,0.0001917,1.6e-07,1.3663578047042053
../submit_files/condorfiles/LO/result_WR5000_N2600/WRtoNLtoLLJJ_WR5000_N2600.log,0.0001337,8.587e-07,../submit_files/condorfiles/NLO/result_WR5000_N2600_NLO/WRtoNLtoLLJJ_WR5000_N2600_NLO.log,0.000183,1.4e-07,1.368735976065819
../submit_files/condorfiles/LO/result_WR5000_N2700/WRtoNLtoLLJJ_WR5000_N2700.log,0.0001269,1.052e-06,../submit_files/condorfiles/NLO/result_WR5000_N2700_NLO/WRtoNLtoLLJJ_WR5000_N2700_NLO.log,0.0001741,1.4e-07,1.371946414499606
../submit_files/condorfiles/LO/result_WR5000_N2800/WRtoNLtoLLJJ_WR5000_N2800.log,0.0001208,8.819e-07,../submit_files/condorfiles/NLO/result_WR5000_N2800_NLO/WRtoNLtoLLJJ_WR5000_N2800_NLO.log,0.0001651,1.2e-07,1.3667218543046358
../submit_files/condorfiles/LO/result_WR5000_N2900/WRtoNLtoLLJJ_WR5000_N2900.log,0.0001142,8.57e-07,../submit_files/condorfiles/NLO/result_WR5000_N2900_NLO/WRtoNLtoLLJJ_WR5000_N2900_NLO.log,0.0001561,1.2e-07,1.3669001751313485
../submit_files/condorfiles/LO/result_WR5000_N3000/WRtoNLtoLLJJ_WR5000_N3000.log,0.0001068,8.673e-07,../submit_files/condorfiles/NLO/result_WR5000_N3000_NLO/WRtoNLtoLLJJ_WR5000_N3000_NLO.log,0.0001469,1.1e-07,1.3754681647940075
../submit_files/condorfiles/LO/result_WR5000_N3100/WRtoNLtoLLJJ_WR5000_N3100.log,0.0001001,7.987e-07,../submit_files/condorfiles/NLO/result_WR5000_N3100_NLO/WRtoNLtoLLJJ_WR5000_N3100_NLO.log,0.0001378,1e-07,1.3766233766233766
../submit_files/condorfiles/LO/result_WR5000_N3200/WRtoNLtoLLJJ_WR5000_N3200.log,9.407e-05,7.923e-07,../submit_files/condorfiles/NLO/result_WR5000_N3200_NLO/WRtoNLtoLLJJ_WR5000_N3200_NLO.log,0.0001284,9.4e-08,1.3649410013819496
../submit_files/condorfiles/LO/result_WR5000_N3300/WRtoNLtoLLJJ_WR5000_N3300.log,8.726e-05,7.119e-07,../submit_files/condorfiles/NLO/result_WR5000_N3300_NLO/WRtoNLtoLLJJ_WR5000_N3300_NLO.log,0.000119,8.6e-08,1.3637405454962181
../submit_files/condorfiles/LO/result_WR5000_N3400/WRtoNLtoLLJJ_WR5000_N3400.log,8.05e-05,6.776e-07,../submit_files/condorfiles/NLO/result_WR5000_N3400_NLO/WRtoNLtoLLJJ_WR5000_N3400_NLO.log,0.0001096,7.9e-08,1.3614906832298135
../submit_files/condorfiles/LO/result_WR5000_N3500/WRtoNLtoLLJJ_WR5000_N3500.log,7.355e-05,5.94e-07,../submit_files/condorfiles/NLO/result_WR5000_N3500_NLO/WRtoNLtoLLJJ_WR5000_N3500_NLO.log,0.0001001,7.2e-08,1.3609789259007476
../submit_files/condorfiles/LO/result_WR5000_N3600/WRtoNLtoLLJJ_WR5000_N3600.log,6.656e-05,5.289e-07,../submit_files/condorfiles/NLO/result_WR5000_N3600_NLO/WRtoNLtoLLJJ_WR5000_N3600_NLO.log,9.074e-05,7.7e-08,1.36328125
../submit_files/condorfiles/LO/result_WR5000_N3700/WRtoNLtoLLJJ_WR5000_N3700.log,6.004e-05,4.605e-07,../submit_files/condorfiles/NLO/result_WR5000_N3700_NLO/WRtoNLtoLLJJ_WR5000_N3700_NLO.log,8.133e-05,6.8e-08,1.3545969353764156
../submit_files/condorfiles/LO/result_WR5000_N3800/WRtoNLtoLLJJ_WR5000_N3800.log,5.337e-05,4.066e-07,../submit_files/condorfiles/NLO/result_WR5000_N3800_NLO/WRtoNLtoLLJJ_WR5000_N3800_NLO.log,7.207e-05,6.1e-08,1.35038411092374
../submit_files/condorfiles/LO/result_WR5000_N3900/WRtoNLtoLLJJ_WR5000_N3900.log,4.648e-05,3.447e-07,../submit_files/condorfiles/NLO/result_WR5000_N3900_NLO/WRtoNLtoLLJJ_WR5000_N3900_NLO.log,6.296e-05,6e-08,1.354561101549053
../submit_files/condorfiles/LO/result_WR5000_N4000/WRtoNLtoLLJJ_WR5000_N4000.log,3.988e-05,2.917e-07,../submit_files/condorfiles/NLO/result_WR5000_N4000_NLO/WRtoNLtoLLJJ_WR5000_N4000_NLO.log,5.418e-05,4.6e-08,1.3585757271815446
../submit_files/condorfiles/LO/result_WR5000_N4100/WRtoNLtoLLJJ_WR5000_N4100.log,3.391e-05,2.607e-07,../submit_files/condorfiles/NLO/result_WR5000_N4100_NLO/WRtoNLtoLLJJ_WR5000_N4100_NLO.log,4.563e-05,3.8e-08,1.3456207608375113
../submit_files/condorfiles/LO/result_WR5000_N4200/WRtoNLtoLLJJ_WR5000_N4200.log,2.749e-05,1.901e-07,../submit_files/condorfiles/NLO/result_WR5000_N4200_NLO/WRtoNLtoLLJJ_WR5000_N4200_NLO.log,3.76e-05,3.2e-08,1.3677700982175336
../submit_files/condorfiles/LO/result_WR5000_N4300/WRtoNLtoLLJJ_WR5000_N4300.log,2.204e-05,1.605e-07,../submit_files/condorfiles/NLO/result_WR5000_N4300_NLO/WRtoNLtoLLJJ_WR5000_N4300_NLO.log,3.003e-05,2.5e-08,1.3625226860254083
../submit_files/condorfiles/LO/result_WR5000_N4400/WRtoNLtoLLJJ_WR5000_N4400.log,1.699e-05,1.215e-07,../submit_files/condorfiles/NLO/result_WR5000_N4400_NLO/WRtoNLtoLLJJ_WR5000_N4400_NLO.log,2.314e-05,1.7e-08,1.3619776339022953
../submit_files/condorfiles/LO/result_WR5000_N4500/WRtoNLtoLLJJ_WR5000_N4500.log,1.258e-05,9.14e-08,../submit_files/condorfiles/NLO/result_WR5000_N4500_NLO/WRtoNLtoLLJJ_WR5000_N4500_NLO.log,1.694e-05,1.2e-08,1.3465818759936408
../submit_files/condorfiles/LO/result_WR5000_N4600/WRtoNLtoLLJJ_WR5000_N4600.log,8.507e-06,5.864e-08,../submit_files/condorfiles/NLO/result_WR5000_N4600_NLO/WRtoNLtoLLJJ_WR5000_N4600_NLO.log,1.163e-05,8.5e-09,1.3671094392852945
../submit_files/condorfiles/LO/result_WR5000_N4700/WRtoNLtoLLJJ_WR5000_N4700.log,5.301e-06,3.844e-08,../submit_files/condorfiles/NLO/result_WR5000_N4700_NLO/WRtoNLtoLLJJ_WR5000_N4700_NLO.log,7.286e-06,5.5e-09,1.3744576495000944
../submit_files/condorfiles/LO/result_WR5000_N4800/WRtoNLtoLLJJ_WR5000_N4800.log,2.942e-06,2.403e-08,../submit_files/condorfiles/NLO/result_WR5000_N4800_NLO/WRtoNLtoLLJJ_WR5000_N4800_NLO.log,4.007e-06,3.2e-09,1.3619986403806934
../submit_files/condorfiles/LO/result_WR5000_N4900/WRtoNLtoLLJJ_WR5000_N4900.log,1.401e-06,1.299e-08,../submit_files/condorfiles/NLO/result_WR5000_N4900_NLO/WRtoNLtoLLJJ_WR5000_N4900_NLO.log,1.898e-06,1.6e-09,1.3547466095645968
../submit_files/condorfiles/LO/result_WR5500_N100/WRtoNLtoLLJJ_WR5500_N100.log,0.0002632,1.141e-06,../submit_files/condorfiles/NLO/result_WR5500_N100_NLO/WRtoNLtoLLJJ_WR5500_N100_NLO.log,0.0003353,3.7e-07,1.273936170212766
../submit_files/condorfiles/LO/result_WR5500_N200/WRtoNLtoLLJJ_WR5500_N200.log,0.0002352,1.753e-06,../submit_files/condorfiles/NLO/result_WR5500_N200_NLO/WRtoNLtoLLJJ_WR5500_N200_NLO.log,0.0003023,2.9e-07,1.2852891156462585
../submit_files/condorfiles/LO/result_WR5500_N300/WRtoNLtoLLJJ_WR5500_N300.log,0.000211,6.404e-07,../submit_files/condorfiles/NLO/result_WR5500_N300_NLO/WRtoNLtoLLJJ_WR5500_N300_NLO.log,0.0002751,3.2e-07,1.3037914691943129
../submit_files/condorfiles/LO/result_WR5500_N400/WRtoNLtoLLJJ_WR5500_N400.log,0.000193,5.834e-07,../submit_files/condorfiles/NLO/result_WR5500_N400_NLO/WRtoNLtoLLJJ_WR5500_N400_NLO.log,0.0002536,2.6e-07,1.3139896373056994
../submit_files/condorfiles/LO/result_WR5500_N500/WRtoNLtoLLJJ_WR5500_N500.log,0.0001783,5.376e-07,../submit_files/condorfiles/NLO/result_WR5500_N500_NLO/WRtoNLtoLLJJ_WR5500_N500_NLO.log,0.0002354,2.2e-07,1.3202467750981493
../submit_files/condorfiles/LO/result_WR5500_N600/WRtoNLtoLLJJ_WR5500_N600.log,0.0001655,4.898e-07,../submit_files/condorfiles/NLO/result_WR5500_N600_NLO/WRtoNLtoLLJJ_WR5500_N600_NLO.log,0.0002204,2e-07,1.3317220543806645
../submit_files/condorfiles/LO/result_WR5500_N700/WRtoNLtoLLJJ_WR5500_N700.log,0.0001541,6.365e-07,../submit_files/condorfiles/NLO/result_WR5500_N700_NLO/WRtoNLtoLLJJ_WR5500_N700_NLO.log,0.0002071,2e-07,1.3439325113562621
../submit_files/condorfiles/LO/result_WR5500_N800/WRtoNLtoLLJJ_WR5500_N800.log,0.000145,5.91e-07,../submit_files/condorfiles/NLO/result_WR5500_N800_NLO/WRtoNLtoLLJJ_WR5500_N800_NLO.log,0.0001951,1.8e-07,1.3455172413793104
../submit_files/condorfiles/LO/result_WR5500_N900/WRtoNLtoLLJJ_WR5500_N900.log,0.0001373,5.549e-07,../submit_files/condorfiles/NLO/result_WR5500_N900_NLO/WRtoNLtoLLJJ_WR5500_N900_NLO.log,0.0001852,1.5e-07,1.348871085214858
../submit_files/condorfiles/LO/result_WR5500_N1000/WRtoNLtoLLJJ_WR5500_N1000.log,0.0001307,8.13e-07,../submit_files/condorfiles/NLO/result_WR5500_N1000_NLO/WRtoNLtoLLJJ_WR5500_N1000_NLO.log,0.0001768,1.8e-07,1.3527161438408568
../submit_files/condorfiles/LO/result_WR5500_N1100/WRtoNLtoLLJJ_WR5500_N1100.log,0.0001246,5.952e-07,../submit_files/condorfiles/NLO/result_WR5500_N1100_NLO/WRtoNLtoLLJJ_WR5500_N1100_NLO.log,0.0001686,1.5e-07,1.3531300160513644
../submit_files/condorfiles/LO/result_WR5500_N1200/WRtoNLtoLLJJ_WR5500_N1200.log,0.0001201,6.563e-07,../submit_files/condorfiles/NLO/result_WR5500_N1200_NLO/WRtoNLtoLLJJ_WR5500_N1200_NLO.log,0.0001616,1.4e-07,1.3455453788509575
../submit_files/condorfiles/LO/result_WR5500_N1300/WRtoNLtoLLJJ_WR5500_N1300.log,0.000115,6.117e-07,../submit_files/condorfiles/NLO/result_WR5500_N1300_NLO/WRtoNLtoLLJJ_WR5500_N1300_NLO.log,0.000155,1.3e-07,1.3478260869565217
../submit_files/condorfiles/LO/result_WR5500_N1400/WRtoNLtoLLJJ_WR5500_N1400.log,0.0001102,8.129e-07,../submit_files/condorfiles/NLO/result_WR5500_N1400_NLO/WRtoNLtoLLJJ_WR5500_N1400_NLO.log,0.0001492,1.2e-07,1.353901996370236
../submit_files/condorfiles/LO/result_WR5500_N1500/WRtoNLtoLLJJ_WR5500_N1500.log,0.0001056,1.176e-06,../submit_files/condorfiles/NLO/result_WR5500_N1500_NLO/WRtoNLtoLLJJ_WR5500_N1500_NLO.log,0.000144,1.4e-07,1.3636363636363635
../submit_files/condorfiles/LO/result_WR5500_N1600/WRtoNLtoLLJJ_WR5500_N1600.log,0.000102,1.087e-06,../submit_files/condorfiles/NLO/result_WR5500_N1600_NLO/WRtoNLtoLLJJ_WR5500_N1600_NLO.log,0.0001388,1.4e-07,1.3607843137254902
../submit_files/condorfiles/LO/result_WR5500_N1700/WRtoNLtoLLJJ_WR5500_N1700.log,9.767e-05,1.431e-06,../submit_files/condorfiles/NLO/result_WR5500_N1700_NLO/WRtoNLtoLLJJ_WR5500_N1700_NLO.log,0.000134,1.3e-07,1.3719668270707484
../submit_files/condorfiles/LO/result_WR5500_N1800/WRtoNLtoLLJJ_WR5500_N1800.log,9.446e-05,1.282e-06,../submit_files/condorfiles/NLO/result_WR5500_N1800_NLO/WRtoNLtoLLJJ_WR5500_N1800_NLO.log,0.0001296,1.2e-07,1.3720093161126403
../submit_files/condorfiles/LO/result_WR5500_N1900/WRtoNLtoLLJJ_WR5500_N1900.log,9.171e-05,7.957e-07,../submit_files/condorfiles/NLO/result_WR5500_N1900_NLO/WRtoNLtoLLJJ_WR5500_N1900_NLO.log,0.0001252,1.1e-07,1.365172827390688
../submit_files/condorfiles/LO/result_WR5500_N2000/WRtoNLtoLLJJ_WR5500_N2000.log,8.862e-05,7.352e-07,../submit_files/condorfiles/NLO/result_WR5500_N2000_NLO/WRtoNLtoLLJJ_WR5500_N2000_NLO.log,0.0001211,9.7e-08,1.3665086887835702
../submit_files/condorfiles/LO/result_WR5500_N2100/WRtoNLtoLLJJ_WR5500_N2100.log,8.622e-05,1.042e-06,../submit_files/condorfiles/NLO/result_WR5500_N2100_NLO/WRtoNLtoLLJJ_WR5500_N2100_NLO.log,0.0001169,9e-08,1.3558339132451867
../submit_files/condorfiles/LO/result_WR5500_N2200/WRtoNLtoLLJJ_WR5500_N2200.log,8.145e-05,8.651e-07,../submit_files/condorfiles/NLO/result_WR5500_N2200_NLO/WRtoNLtoLLJJ_WR5500_N2200_NLO.log,0.000113,8.4e-08,1.387354205033763
../submit_files/condorfiles/LO/result_WR5500_N2300/WRtoNLtoLLJJ_WR5500_N2300.log,7.911e-05,8.165e-07,../submit_files/condorfiles/NLO/result_WR5500_N2300_NLO/WRtoNLtoLLJJ_WR5500_N2300_NLO.log,0.000109,9.5e-08,1.3778283402856781
../submit_files/condorfiles/LO/result_WR5500_N2400/WRtoNLtoLLJJ_WR5500_N2400.log,7.648e-05,7.62e-07,../submit_files/condorfiles/NLO/result_WR5500_N2400_NLO/WRtoNLtoLLJJ_WR5500_N2400_NLO.log,0.0001053,9.9e-08,1.3768305439330544
../submit_files/condorfiles/LO/result_WR5500_N2500/WRtoNLtoLLJJ_WR5500_N2500.log,7.396e-05,7.069e-07,../submit_files/condorfiles/NLO/result_WR5500_N2500_NLO/WRtoNLtoLLJJ_WR5500_N2500_NLO.log,0.0001014,9.1e-08,1.3710113574905354
../submit_files/condorfiles/LO/result_WR5500_N2600/WRtoNLtoLLJJ_WR5500_N2600.log,7.109e-05,6.618e-07,../submit_files/condorfiles/NLO/result_WR5500_N2600_NLO/WRtoNLtoLLJJ_WR5500_N2600_NLO.log,9.765e-05,8.7e-08,1.3736109157406104
../submit_files/condorfiles/LO/result_WR5500_N2700/WRtoNLtoLLJJ_WR5500_N2700.log,6.787e-05,5.348e-07,../submit_files/condorfiles/NLO/result_WR5500_N2700_NLO/WRtoNLtoLLJJ_WR5500_N2700_NLO.log,9.372e-05,8.1e-08,1.380875202593193
../submit_files/condorfiles/LO/result_WR5500_N2800/WRtoNLtoLLJJ_WR5500_N2800.log,6.522e-05,5.271e-07,../submit_files/condorfiles/NLO/result_WR5500_N2800_NLO/WRtoNLtoLLJJ_WR5500_N2800_NLO.log,8.989e-05,7.5e-08,1.378258203005213
../submit_files/condorfiles/LO/result_WR5500_N2900/WRtoNLtoLLJJ_WR5500_N2900.log,6.272e-05,5.874e-07,../submit_files/condorfiles/NLO/result_WR5500_N2900_NLO/WRtoNLtoLLJJ_WR5500_N2900_NLO.log,8.608e-05,6.8e-08,1.3724489795918369
../submit_files/condorfiles/LO/result_WR5500_N3000/WRtoNLtoLLJJ_WR5500_N3000.log,5.971e-05,4.916e-07,../submit_files/condorfiles/NLO/result_WR5500_N3000_NLO/WRtoNLtoLLJJ_WR5500_N3000_NLO.log,8.219e-05,6.6e-08,1.3764863506950258
../submit_files/condorfiles/LO/result_WR5500_N3100/WRtoNLtoLLJJ_WR5500_N3100.log,5.684e-05,4.361e-07,../submit_files/condorfiles/NLO/result_WR5500_N3100_NLO/WRtoNLtoLLJJ_WR5500_N3100_NLO.log,7.837e-05,6.1e-08,1.3787825475017592
../submit_files/condorfiles/LO/result_WR5500_N3200/WRtoNLtoLLJJ_WR5500_N3200.log,5.385e-05,4.406e-07,../submit_files/condorfiles/NLO/result_WR5500_N3200_NLO/WRtoNLtoLLJJ_WR5500_N3200_NLO.log,7.444e-05,5.7e-08,1.3823584029712164
../submit_files/condorfiles/LO/result_WR5500_N3300/WRtoNLtoLLJJ_WR5500_N3300.log,5.126e-05,4.188e-07,../submit_files/condorfiles/NLO/result_WR5500_N3300_NLO/WRtoNLtoLLJJ_WR5500_N3300_NLO.log,7.041e-05,5.3e-08,1.373585641825985
../submit_files/condorfiles/LO/result_WR5500_N3400/WRtoNLtoLLJJ_WR5500_N3400.log,4.866e-05,4.203e-07,../submit_files/condorfiles/NLO/result_WR5500_N3400_NLO/WRtoNLtoLLJJ_WR5500_N3400_NLO.log,6.632e-05,4.9e-08,1.3629264282778464
../submit_files/condorfiles/LO/result_WR5500_N3500/WRtoNLtoLLJJ_WR5500_N3500.log,4.545e-05,3.758e-07,../submit_files/condorfiles/NLO/result_WR5500_N3500_NLO/WRtoNLtoLLJJ_WR5500_N3500_NLO.log,6.228e-05,4.6e-08,1.3702970297029702
../submit_files/condorfiles/LO/result_WR5500_N3600/WRtoNLtoLLJJ_WR5500_N3600.log,4.261e-05,3.499e-07,../submit_files/condorfiles/NLO/result_WR5500_N3600_NLO/WRtoNLtoLLJJ_WR5500_N3600_NLO.log,5.821e-05,4.2e-08,1.3661112414926073
../submit_files/condorfiles/LO/result_WR5500_N3700/WRtoNLtoLLJJ_WR5500_N3700.log,3.98e-05,3.315e-07,../submit_files/condorfiles/NLO/result_WR5500_N3700_NLO/WRtoNLtoLLJJ_WR5500_N3700_NLO.log,5.414e-05,3.9e-08,1.3603015075376885
../submit_files/condorfiles/LO/result_WR5500_N3800/WRtoNLtoLLJJ_WR5500_N3800.log,3.659e-05,2.952e-07,../submit_files/condorfiles/NLO/result_WR5500_N3800_NLO/WRtoNLtoLLJJ_WR5500_N3800_NLO.log,5.003e-05,4.9e-08,1.3673134736266739
../submit_files/condorfiles/LO/result_WR5500_N3900/WRtoNLtoLLJJ_WR5500_N3900.log,3.369e-05,2.615e-07,../submit_files/condorfiles/NLO/result_WR5500_N3900_NLO/WRtoNLtoLLJJ_WR5500_N3900_NLO.log,4.589e-05,3.9e-08,1.3621252597209856
../submit_files/condorfiles/LO/result_WR5500_N4000/WRtoNLtoLLJJ_WR5500_N4000.log,3.049e-05,2.34e-07,../submit_files/condorfiles/NLO/result_WR5500_N4000_NLO/WRtoNLtoLLJJ_WR5500_N4000_NLO.log,4.18e-05,3.6e-08,1.3709412922269595
../submit_files/condorfiles/LO/result_WR5500_N4100/WRtoNLtoLLJJ_WR5500_N4100.log,2.763e-05,2.101e-07,../submit_files/condorfiles/NLO/result_WR5500_N4100_NLO/WRtoNLtoLLJJ_WR5500_N4100_NLO.log,3.774e-05,3.6e-08,1.3659066232356134
../submit_files/condorfiles/LO/result_WR5500_N4200/WRtoNLtoLLJJ_WR5500_N4200.log,2.476e-05,1.828e-07,../submit_files/condorfiles/NLO/result_WR5500_N4200_NLO/WRtoNLtoLLJJ_WR5500_N4200_NLO.log,3.371e-05,3.2e-08,1.361470113085622
../submit_files/condorfiles/LO/result_WR5500_N4300/WRtoNLtoLLJJ_WR5500_N4300.log,2.176e-05,1.596e-07,../submit_files/condorfiles/NLO/result_WR5500_N4300_NLO/WRtoNLtoLLJJ_WR5500_N4300_NLO.log,2.979e-05,2.9e-08,1.3690257352941178
../submit_files/condorfiles/LO/result_WR5500_N4400/WRtoNLtoLLJJ_WR5500_N4400.log,1.899e-05,1.357e-07,../submit_files/condorfiles/NLO/result_WR5500_N4400_NLO/WRtoNLtoLLJJ_WR5500_N4400_NLO.log,2.595e-05,2.2e-08,1.3665086887835705
../submit_files/condorfiles/LO/result_WR5500_N4500/WRtoNLtoLLJJ_WR5500_N4500.log,1.631e-05,1.276e-07,../submit_files/condorfiles/NLO/result_WR5500_N4500_NLO/WRtoNLtoLLJJ_WR5500_N4500_NLO.log,2.224e-05,1.8e-08,1.3635806253832004
../submit_files/condorfiles/LO/result_WR5500_N4600/WRtoNLtoLLJJ_WR5500_N4600.log,1.366e-05,9.578e-08,../submit_files/condorfiles/NLO/result_WR5500_N4600_NLO/WRtoNLtoLLJJ_WR5500_N4600_NLO.log,1.869e-05,1.6e-08,1.3682284040995607
../submit_files/condorfiles/LO/result_WR5500_N4700/WRtoNLtoLLJJ_WR5500_N4700.log,1.119e-05,8.257e-08,../submit_files/condorfiles/NLO/result_WR5500_N4700_NLO/WRtoNLtoLLJJ_WR5500_N4700_NLO.log,1.534e-05,1.3e-08,1.3708668453976764
../submit_files/condorfiles/LO/result_WR5500_N4800/WRtoNLtoLLJJ_WR5500_N4800.log,8.963e-06,6.474e-08,../submit_files/condorfiles/NLO/result_WR5500_N4800_NLO/WRtoNLtoLLJJ_WR5500_N4800_NLO.log,1.224e-05,1e-08,1.3656141916768938
../submit_files/condorfiles/LO/result_WR5500_N4900/WRtoNLtoLLJJ_WR5500_N4900.log,6.907e-06,6.794e-08,../submit_files/condorfiles/NLO/result_WR5500_N4900_NLO/WRtoNLtoLLJJ_WR5500_N4900_NLO.log,9.41e-06,6.7e-09,1.362385985232373
../submit_files/condorfiles/LO/result_WR5500_N5000/WRtoNLtoLLJJ_WR5500_N5000.log,5.059e-06,3.614e-08,../submit_files/condorfiles/NLO/result_WR5500_N5000_NLO/WRtoNLtoLLJJ_WR5500_N5000_NLO.log,6.9e-06,5.9e-09,1.3639059102589444
../submit_files/condorfiles/LO/result_WR5500_N5100/WRtoNLtoLLJJ_WR5500_N5100.log,3.471e-06,2.602e-08,../submit_files/condorfiles/NLO/result_WR5500_N5100_NLO/WRtoNLtoLLJJ_WR5500_N5100_NLO.log,4.736e-06,3.4e-09,1.3644482857966005
../submit_files/condorfiles/LO/result_WR5500_N5200/WRtoNLtoLLJJ_WR5500_N5200.log,2.173e-06,1.754e-08,../submit_files/condorfiles/NLO/result_WR5500_N5200_NLO/WRtoNLtoLLJJ_WR5500_N5200_NLO.log,2.992e-06,2.2e-09,1.3768982972848596
../submit_files/condorfiles/LO/result_WR5500_N5300/WRtoNLtoLLJJ_WR5500_N5300.log,1.223e-06,6.434e-09,../submit_files/condorfiles/NLO/result_WR5500_N5300_NLO/WRtoNLtoLLJJ_WR5500_N5300_NLO.log,1.679e-06,1.3e-09,1.3728536385936223
../submit_files/condorfiles/LO/result_WR5500_N5400/WRtoNLtoLLJJ_WR5500_N5400.log,5.917e-07,5.452e-09,../submit_files/condorfiles/NLO/result_WR5500_N5400_NLO/WRtoNLtoLLJJ_WR5500_N5400_NLO.log,8.256e-07,6.6e-10,1.3953016731451748
../submit_files/condorfiles/LO/result_WR6000_N100/WRtoNLtoLLJJ_WR6000_N100.log,0.0001647,7.327e-07,../submit_files/condorfiles/NLO/result_WR6000_N100_NLO/WRtoNLtoLLJJ_WR6000_N100_NLO.log,0.000208,2.5e-07,1.2629022465088038
../submit_files/condorfiles/LO/result_WR6000_N200/WRtoNLtoLLJJ_WR6000_N200.log,0.0001456,1.12e-06,../submit_files/condorfiles/NLO/result_WR6000_N200_NLO/WRtoNLtoLLJJ_WR6000_N200_NLO.log,0.0001849,1.9e-07,1.2699175824175826
../submit_files/condorfiles/LO/result_WR6000_N300/WRtoNLtoLLJJ_WR6000_N300.log,0.000128,4.156e-07,../submit_files/condorfiles/NLO/result_WR6000_N300_NLO/WRtoNLtoLLJJ_WR6000_N300_NLO.log,0.000166,1.6e-07,1.296875
../submit_files/condorfiles/LO/result_WR6000_N400/WRtoNLtoLLJJ_WR6000_N400.log,0.0001149,3.629e-07,../submit_files/condorfiles/NLO/result_WR6000_N400_NLO/WRtoNLtoLLJJ_WR6000_N400_NLO.log,0.0001508,1.6e-07,1.3124456048738034
../submit_files/condorfiles/LO/result_WR6000_N500/WRtoNLtoLLJJ_WR6000_N500.log,0.0001043,3.257e-07,../submit_files/condorfiles/NLO/result_WR6000_N500_NLO/WRtoNLtoLLJJ_WR6000_N500_NLO.log,0.0001381,1.4e-07,1.324065196548418
../submit_files/condorfiles/LO/result_WR6000_N600/WRtoNLtoLLJJ_WR6000_N600.log,9.564e-05,2.814e-07,../submit_files/condorfiles/NLO/result_WR6000_N600_NLO/WRtoNLtoLLJJ_WR6000_N600_NLO.log,0.0001274,1.3e-07,1.3320786281890424
../submit_files/condorfiles/LO/result_WR6000_N700/WRtoNLtoLLJJ_WR6000_N700.log,8.849e-05,3.53e-07,../submit_files/condorfiles/NLO/result_WR6000_N700_NLO/WRtoNLtoLLJJ_WR6000_N700_NLO.log,0.0001187,1.1e-07,1.3413945078539948
../submit_files/condorfiles/LO/result_WR6000_N800/WRtoNLtoLLJJ_WR6000_N800.log,8.236e-05,2.837e-07,../submit_files/condorfiles/NLO/result_WR6000_N800_NLO/WRtoNLtoLLJJ_WR6000_N800_NLO.log,0.000111,9.7e-08,1.3477416221466731
../submit_files/condorfiles/LO/result_WR6000_N900/WRtoNLtoLLJJ_WR6000_N900.log,7.67e-05,3.462e-07,../submit_files/condorfiles/NLO/result_WR6000_N900_NLO/WRtoNLtoLLJJ_WR6000_N900_NLO.log,0.0001044,8.8e-08,1.3611473272490222
../submit_files/condorfiles/LO/result_WR6000_N1000/WRtoNLtoLLJJ_WR6000_N1000.log,7.219e-05,2.992e-07,../submit_files/condorfiles/NLO/result_WR6000_N1000_NLO/WRtoNLtoLLJJ_WR6000_N1000_NLO.log,9.866e-05,9.1e-08,1.3666712841113726
../submit_files/condorfiles/LO/result_WR6000_N1100/WRtoNLtoLLJJ_WR6000_N1100.log,6.838e-05,2.882e-07,../submit_files/condorfiles/NLO/result_WR6000_N1100_NLO/WRtoNLtoLLJJ_WR6000_N1100_NLO.log,9.36e-05,8.5e-08,1.3688212927756653
../submit_files/condorfiles/LO/result_WR6000_N1200/WRtoNLtoLLJJ_WR6000_N1200.log,6.505e-05,2.584e-07,../submit_files/condorfiles/NLO/result_WR6000_N1200_NLO/WRtoNLtoLLJJ_WR6000_N1200_NLO.log,8.902e-05,7.2e-08,1.3684857801691008
../submit_files/condorfiles/LO/result_WR6000_N1300/WRtoNLtoLLJJ_WR6000_N1300.log,6.217e-05,3.615e-07,../submit_files/condorfiles/NLO/result_WR6000_N1300_NLO/WRtoNLtoLLJJ_WR6000_N1300_NLO.log,8.517e-05,8.7e-08,1.369953353707576
../submit_files/condorfiles/LO/result_WR6000_N1400/WRtoNLtoLLJJ_WR6000_N1400.log,5.901e-05,3.028e-07,../submit_files/condorfiles/NLO/result_WR6000_N1400_NLO/WRtoNLtoLLJJ_WR6000_N1400_NLO.log,8.155e-05,7.5e-08,1.3819691577698696
../submit_files/condorfiles/LO/result_WR6000_N1500/WRtoNLtoLLJJ_WR6000_N1500.log,5.718e-05,4.633e-07,../submit_files/condorfiles/NLO/result_WR6000_N1500_NLO/WRtoNLtoLLJJ_WR6000_N1500_NLO.log,7.832e-05,6.6e-08,1.3697096887023434
../submit_files/condorfiles/LO/result_WR6000_N1600/WRtoNLtoLLJJ_WR6000_N1600.log,5.463e-05,4.186e-07,../submit_files/condorfiles/NLO/result_WR6000_N1600_NLO/WRtoNLtoLLJJ_WR6000_N1600_NLO.log,7.535e-05,6.5e-08,1.3792787845506134
../submit_files/condorfiles/LO/result_WR6000_N1700/WRtoNLtoLLJJ_WR6000_N1700.log,5.249e-05,5.502e-07,../submit_files/condorfiles/NLO/result_WR6000_N1700_NLO/WRtoNLtoLLJJ_WR6000_N1700_NLO.log,7.259e-05,5.8e-08,1.3829300819203656
../submit_files/condorfiles/LO/result_WR6000_N1800/WRtoNLtoLLJJ_WR6000_N1800.log,5.078e-05,5.026e-07,../submit_files/condorfiles/NLO/result_WR6000_N1800_NLO/WRtoNLtoLLJJ_WR6000_N1800_NLO.log,7.013e-05,6.3e-08,1.381055533674675
../submit_files/condorfiles/LO/result_WR6000_N1900/WRtoNLtoLLJJ_WR6000_N1900.log,4.927e-05,7.823e-07,../submit_files/condorfiles/NLO/result_WR6000_N1900_NLO/WRtoNLtoLLJJ_WR6000_N1900_NLO.log,6.783e-05,6.1e-08,1.376699817333063
../submit_files/condorfiles/LO/result_WR6000_N2000/WRtoNLtoLLJJ_WR6000_N2000.log,4.764e-05,6.79e-07,../submit_files/condorfiles/NLO/result_WR6000_N2000_NLO/WRtoNLtoLLJJ_WR6000_N2000_NLO.log,6.562e-05,6.1e-08,1.3774139378673385
../submit_files/condorfiles/LO/result_WR6000_N2100/WRtoNLtoLLJJ_WR6000_N2100.log,4.595e-05,5.025e-07,../submit_files/condorfiles/NLO/result_WR6000_N2100_NLO/WRtoNLtoLLJJ_WR6000_N2100_NLO.log,6.345e-05,5.5e-08,1.380848748639826
../submit_files/condorfiles/LO/result_WR6000_N2200/WRtoNLtoLLJJ_WR6000_N2200.log,4.451e-05,5.426e-07,../submit_files/condorfiles/NLO/result_WR6000_N2200_NLO/WRtoNLtoLLJJ_WR6000_N2200_NLO.log,6.139e-05,5.2e-08,1.379240620085374
../submit_files/condorfiles/LO/result_WR6000_N2300/WRtoNLtoLLJJ_WR6000_N2300.log,4.322e-05,5.109e-07,../submit_files/condorfiles/NLO/result_WR6000_N2300_NLO/WRtoNLtoLLJJ_WR6000_N2300_NLO.log,5.951e-05,4.7e-08,1.376908838500694
../submit_files/condorfiles/LO/result_WR6000_N2400/WRtoNLtoLLJJ_WR6000_N2400.log,4.101e-05,4.295e-07,../submit_files/condorfiles/NLO/result_WR6000_N2400_NLO/WRtoNLtoLLJJ_WR6000_N2400_NLO.log,5.752e-05,4.4e-08,1.4025847354303826
../submit_files/condorfiles/LO/result_WR6000_N2500/WRtoNLtoLLJJ_WR6000_N2500.log,4.011e-05,3.735e-07,../submit_files/condorfiles/NLO/result_WR6000_N2500_NLO/WRtoNLtoLLJJ_WR6000_N2500_NLO.log,5.571e-05,4.1e-08,1.3889304412864623
../submit_files/condorfiles/LO/result_WR6000_N2600/WRtoNLtoLLJJ_WR6000_N2600.log,3.882e-05,3.114e-07,../submit_files/condorfiles/NLO/result_WR6000_N2600_NLO/WRtoNLtoLLJJ_WR6000_N2600_NLO.log,5.389e-05,5.1e-08,1.3882019577537352
../submit_files/condorfiles/LO/result_WR6000_N2700/WRtoNLtoLLJJ_WR6000_N2700.log,3.75e-05,3.333e-07,../submit_files/condorfiles/NLO/result_WR6000_N2700_NLO/WRtoNLtoLLJJ_WR6000_N2700_NLO.log,5.21e-05,5e-08,1.3893333333333335
../submit_files/condorfiles/LO/result_WR6000_N2800/WRtoNLtoLLJJ_WR6000_N2800.log,3.616e-05,2.359e-07,../submit_files/condorfiles/NLO/result_WR6000_N2800_NLO/WRtoNLtoLLJJ_WR6000_N2800_NLO.log,5.032e-05,4.6e-08,1.3915929203539823
../submit_files/condorfiles/LO/result_WR6000_N2900/WRtoNLtoLLJJ_WR6000_N2900.log,3.48e-05,3.549e-07,../submit_files/condorfiles/NLO/result_WR6000_N2900_NLO/WRtoNLtoLLJJ_WR6000_N2900_NLO.log,4.85e-05,3.8e-08,1.3936781609195403
../submit_files/condorfiles/LO/result_WR6000_N3000/WRtoNLtoLLJJ_WR6000_N3000.log,3.334e-05,2.729e-07,../submit_files/condorfiles/NLO/result_WR6000_N3000_NLO/WRtoNLtoLLJJ_WR6000_N3000_NLO.log,4.676e-05,4e-08,1.4025194961007796
../submit_files/condorfiles/LO/result_WR6000_N3100/WRtoNLtoLLJJ_WR6000_N3100.log,3.2e-05,2.588e-07,../submit_files/condorfiles/NLO/result_WR6000_N3100_NLO/WRtoNLtoLLJJ_WR6000_N3100_NLO.log,4.497e-05,3.7e-08,1.4053125
../submit_files/condorfiles/LO/result_WR6000_N3200/WRtoNLtoLLJJ_WR6000_N3200.log,3.083e-05,2.306e-07,../submit_files/condorfiles/NLO/result_WR6000_N3200_NLO/WRtoNLtoLLJJ_WR6000_N3200_NLO.log,4.314e-05,3.5e-08,1.3992864093415502
../submit_files/condorfiles/LO/result_WR6000_N3300/WRtoNLtoLLJJ_WR6000_N3300.log,2.953e-05,2.257e-07,../submit_files/condorfiles/NLO/result_WR6000_N3300_NLO/WRtoNLtoLLJJ_WR6000_N3300_NLO.log,4.133e-05,3.2e-08,1.3995936335929562
../submit_files/condorfiles/LO/result_WR6000_N3400/WRtoNLtoLLJJ_WR6000_N3400.log,2.823e-05,2.206e-07,../submit_files/condorfiles/NLO/result_WR6000_N3400_NLO/WRtoNLtoLLJJ_WR6000_N3400_NLO.log,3.949e-05,3e-08,1.3988664541268157
../submit_files/condorfiles/LO/result_WR6000_N3500/WRtoNLtoLLJJ_WR6000_N3500.log,2.684e-05,2.168e-07,../submit_files/condorfiles/NLO/result_WR6000_N3500_NLO/WRtoNLtoLLJJ_WR6000_N3500_NLO.log,3.766e-05,2.8e-08,1.4031296572280179
../submit_files/condorfiles/LO/result_WR6000_N3600/WRtoNLtoLLJJ_WR6000_N3600.log,2.563e-05,1.788e-07,../submit_files/condorfiles/NLO/result_WR6000_N3600_NLO/WRtoNLtoLLJJ_WR6000_N3600_NLO.log,3.581e-05,2.6e-08,1.3971907920405773
../submit_files/condorfiles/LO/result_WR6000_N3700/WRtoNLtoLLJJ_WR6000_N3700.log,2.457e-05,2.123e-07,../submit_files/condorfiles/NLO/result_WR6000_N3700_NLO/WRtoNLtoLLJJ_WR6000_N3700_NLO.log,3.393e-05,2.5e-08,1.380952380952381
../submit_files/condorfiles/LO/result_WR6000_N3800/WRtoNLtoLLJJ_WR6000_N3800.log,2.313e-05,1.951e-07,../submit_files/condorfiles/NLO/result_WR6000_N3800_NLO/WRtoNLtoLLJJ_WR6000_N3800_NLO.log,3.204e-05,2.3e-08,1.3852140077821011
../submit_files/condorfiles/LO/result_WR6000_N3900/WRtoNLtoLLJJ_WR6000_N3900.log,2.178e-05,1.807e-07,../submit_files/condorfiles/NLO/result_WR6000_N3900_NLO/WRtoNLtoLLJJ_WR6000_N3900_NLO.log,3.016e-05,2.2e-08,1.38475665748393
../submit_files/condorfiles/LO/result_WR6000_N4000/WRtoNLtoLLJJ_WR6000_N4000.log,2.043e-05,1.675e-07,../submit_files/condorfiles/NLO/result_WR6000_N4000_NLO/WRtoNLtoLLJJ_WR6000_N4000_NLO.log,2.822e-05,2e-08,1.3813020068526678
../submit_files/condorfiles/LO/result_WR6000_N4100/WRtoNLtoLLJJ_WR6000_N4100.log,1.899e-05,1.58e-07,../submit_files/condorfiles/NLO/result_WR6000_N4100_NLO/WRtoNLtoLLJJ_WR6000_N4100_NLO.log,2.63e-05,1.9e-08,1.3849394418114798
../submit_files/condorfiles/LO/result_WR6000_N4200/WRtoNLtoLLJJ_WR6000_N4200.log,1.763e-05,1.453e-07,../submit_files/condorfiles/NLO/result_WR6000_N4200_NLO/WRtoNLtoLLJJ_WR6000_N4200_NLO.log,2.438e-05,2.4e-08,1.3828701077708452
../submit_files/condorfiles/LO/result_WR6000_N4300/WRtoNLtoLLJJ_WR6000_N4300.log,1.625e-05,1.32e-07,../submit_files/condorfiles/NLO/result_WR6000_N4300_NLO/WRtoNLtoLLJJ_WR6000_N4300_NLO.log,2.248e-05,2.2e-08,1.3833846153846157
../submit_files/condorfiles/LO/result_WR6000_N4400/WRtoNLtoLLJJ_WR6000_N4400.log,1.487e-05,1.172e-07,../submit_files/condorfiles/NLO/result_WR6000_N4400_NLO/WRtoNLtoLLJJ_WR6000_N4400_NLO.log,2.057e-05,2e-08,1.383322125084062
../submit_files/condorfiles/LO/result_WR6000_N4500/WRtoNLtoLLJJ_WR6000_N4500.log,1.354e-05,1.008e-07,../submit_files/condorfiles/NLO/result_WR6000_N4500_NLO/WRtoNLtoLLJJ_WR6000_N4500_NLO.log,1.87e-05,1.8e-08,1.3810930576070901
../submit_files/condorfiles/LO/result_WR6000_N4600/WRtoNLtoLLJJ_WR6000_N4600.log,1.213e-05,9.226e-08,../submit_files/condorfiles/NLO/result_WR6000_N4600_NLO/WRtoNLtoLLJJ_WR6000_N4600_NLO.log,1.681e-05,1.6e-08,1.3858202802967847
../submit_files/condorfiles/LO/result_WR6000_N4700/WRtoNLtoLLJJ_WR6000_N4700.log,1.087e-05,8.084e-08,../submit_files/condorfiles/NLO/result_WR6000_N4700_NLO/WRtoNLtoLLJJ_WR6000_N4700_NLO.log,1.498e-05,1.4e-08,1.3781048758049679
../submit_files/condorfiles/LO/result_WR6000_N4800/WRtoNLtoLLJJ_WR6000_N4800.log,9.53e-06,6.842e-08,../submit_files/condorfiles/NLO/result_WR6000_N4800_NLO/WRtoNLtoLLJJ_WR6000_N4800_NLO.log,1.319e-05,1.1e-08,1.3840503672612803
../submit_files/condorfiles/LO/result_WR6000_N4900/WRtoNLtoLLJJ_WR6000_N4900.log,8.288e-06,6.088e-08,../submit_files/condorfiles/NLO/result_WR6000_N4900_NLO/WRtoNLtoLLJJ_WR6000_N4900_NLO.log,1.146e-05,1.1e-08,1.382722007722008
../submit_files/condorfiles/LO/result_WR6000_N5000/WRtoNLtoLLJJ_WR6000_N5000.log,7.041e-06,4.957e-08,../submit_files/condorfiles/NLO/result_WR6000_N5000_NLO/WRtoNLtoLLJJ_WR6000_N5000_NLO.log,9.792e-06,9.4e-09,1.3907115466553046
../submit_files/condorfiles/LO/result_WR6000_N5100/WRtoNLtoLLJJ_WR6000_N5100.log,5.899e-06,4.546e-08,../submit_files/condorfiles/NLO/result_WR6000_N5100_NLO/WRtoNLtoLLJJ_WR6000_N5100_NLO.log,8.205e-06,7.8e-09,1.3909137141888457
../submit_files/condorfiles/LO/result_WR6000_N5200/WRtoNLtoLLJJ_WR6000_N5200.log,4.829e-06,3.619e-08,../submit_files/condorfiles/NLO/result_WR6000_N5200_NLO/WRtoNLtoLLJJ_WR6000_N5200_NLO.log,6.715e-06,4.7e-09,1.3905570511493064
../submit_files/condorfiles/LO/result_WR6000_N5300/WRtoNLtoLLJJ_WR6000_N5300.log,3.864e-06,2.909e-08,../submit_files/condorfiles/NLO/result_WR6000_N5300_NLO/WRtoNLtoLLJJ_WR6000_N5300_NLO.log,5.344e-06,3.8e-09,1.3830227743271222
../submit_files/condorfiles/LO/result_WR6000_N5400/WRtoNLtoLLJJ_WR6000_N5400.log,2.978e-06,2.496e-08,../submit_files/condorfiles/NLO/result_WR6000_N5400_NLO/WRtoNLtoLLJJ_WR6000_N5400_NLO.log,4.095e-06,2.9e-09,1.3750839489590327
../submit_files/condorfiles/LO/result_WR6000_N5500/WRtoNLtoLLJJ_WR6000_N5500.log,2.155e-06,1.646e-08,../submit_files/condorfiles/NLO/result_WR6000_N5500_NLO/WRtoNLtoLLJJ_WR6000_N5500_NLO.log,2.999e-06,2.6e-09,1.3916473317865428
../submit_files/condorfiles/LO/result_WR6000_N5600/WRtoNLtoLLJJ_WR6000_N5600.log,1.498e-06,1.236e-08,../submit_files/condorfiles/NLO/result_WR6000_N5600_NLO/WRtoNLtoLLJJ_WR6000_N5600_NLO.log,2.065e-06,1.5e-09,1.3785046728971964
../submit_files/condorfiles/LO/result_WR6000_N5700/WRtoNLtoLLJJ_WR6000_N5700.log,9.472e-07,7.858e-09,../submit_files/condorfiles/NLO/result_WR6000_N5700_NLO/WRtoNLtoLLJJ_WR6000_N5700_NLO.log,1.307e-06,9.5e-10,1.3798564189189189
../submit_files/condorfiles/LO/result_WR6000_N5800/WRtoNLtoLLJJ_WR6000_N5800.log,5.318e-07,2.777e-09,../submit_files/condorfiles/NLO/result_WR6000_N5800_NLO/WRtoNLtoLLJJ_WR6000_N5800_NLO.log,7.422e-07,5.6e-10,1.395637457690861
../submit_files/condorfiles/LO/result_WR6000_N5900/WRtoNLtoLLJJ_WR6000_N5900.log,2.679e-07,2.341e-09,../submit_files/condorfiles/NLO/result_WR6000_N5900_NLO/WRtoNLtoLLJJ_WR6000_N5900_NLO.log,3.75e-07,3e-10,1.3997760358342666
../submit_files/condorfiles/LO/result_WR6500_N100/WRtoNLtoLLJJ_WR6500_N100.log,0.0001078,3.173e-07,../submit_files/condorfiles/NLO/result_WR6500_N100_NLO/WRtoNLtoLLJJ_WR6500_N100_NLO.log,0.0001357,1.5e-07,1.258812615955473
../submit_files/condorfiles/LO/result_WR6500_N200/WRtoNLtoLLJJ_WR6500_N200.log,9.332e-05,4.308e-07,../submit_files/condorfiles/NLO/result_WR6500_N200_NLO/WRtoNLtoLLJJ_WR6500_N200_NLO.log,0.0001188,1.2e-07,1.2730390055722247
../submit_files/condorfiles/LO/result_WR6500_N300/WRtoNLtoLLJJ_WR6500_N300.log,8.15e-05,2.695e-07,../submit_files/condorfiles/NLO/result_WR6500_N300_NLO/WRtoNLtoLLJJ_WR6500_N300_NLO.log,0.0001053,1.1e-07,1.2920245398773005
../submit_files/condorfiles/LO/result_WR6500_N400/WRtoNLtoLLJJ_WR6500_N400.log,7.197e-05,2.345e-07,../submit_files/condorfiles/NLO/result_WR6500_N400_NLO/WRtoNLtoLLJJ_WR6500_N400_NLO.log,9.431e-05,8.3e-08,1.310407114075309
../submit_files/condorfiles/LO/result_WR6500_N500/WRtoNLtoLLJJ_WR6500_N500.log,6.465e-05,2.011e-07,../submit_files/condorfiles/NLO/result_WR6500_N500_NLO/WRtoNLtoLLJJ_WR6500_N500_NLO.log,8.539e-05,7.3e-08,1.3208043310131476
../submit_files/condorfiles/LO/result_WR6500_N600/WRtoNLtoLLJJ_WR6500_N600.log,5.841e-05,1.805e-07,../submit_files/condorfiles/NLO/result_WR6500_N600_NLO/WRtoNLtoLLJJ_WR6500_N600_NLO.log,7.771e-05,7.4e-08,1.330422872795754
../submit_files/condorfiles/LO/result_WR6500_N700/WRtoNLtoLLJJ_WR6500_N700.log,5.324e-05,1.627e-07,../submit_files/condorfiles/NLO/result_WR6500_N700_NLO/WRtoNLtoLLJJ_WR6500_N700_NLO.log,7.152e-05,6.6e-08,1.3433508640120213
../submit_files/condorfiles/LO/result_WR6500_N800/WRtoNLtoLLJJ_WR6500_N800.log,4.869e-05,1.5e-07,../submit_files/condorfiles/NLO/result_WR6500_N800_NLO/WRtoNLtoLLJJ_WR6500_N800_NLO.log,6.604e-05,5.9e-08,1.3563360032860956
../submit_files/condorfiles/LO/result_WR6500_N900/WRtoNLtoLLJJ_WR6500_N900.log,4.509e-05,1.379e-07,../submit_files/condorfiles/NLO/result_WR6500_N900_NLO/WRtoNLtoLLJJ_WR6500_N900_NLO.log,6.15e-05,5.6e-08,1.36393878908849
../submit_files/condorfiles/LO/result_WR6500_N1000/WRtoNLtoLLJJ_WR6500_N1000.log,4.173e-05,1.816e-07,../submit_files/condorfiles/NLO/result_WR6500_N1000_NLO/WRtoNLtoLLJJ_WR6500_N1000_NLO.log,5.748e-05,5.5e-08,1.377426312005751
../submit_files/condorfiles/LO/result_WR6500_N1100/WRtoNLtoLLJJ_WR6500_N1100.log,3.913e-05,1.685e-07,../submit_files/condorfiles/NLO/result_WR6500_N1100_NLO/WRtoNLtoLLJJ_WR6500_N1100_NLO.log,5.408e-05,5.3e-08,1.3820598006644518
../submit_files/condorfiles/LO/result_WR6500_N1200/WRtoNLtoLLJJ_WR6500_N1200.log,3.687e-05,1.535e-07,../submit_files/condorfiles/NLO/result_WR6500_N1200_NLO/WRtoNLtoLLJJ_WR6500_N1200_NLO.log,5.12e-05,5.2e-08,1.3886628695416328
../submit_files/condorfiles/LO/result_WR6500_N1300/WRtoNLtoLLJJ_WR6500_N1300.log,3.487e-05,1.403e-07,../submit_files/condorfiles/NLO/result_WR6500_N1300_NLO/WRtoNLtoLLJJ_WR6500_N1300_NLO.log,4.848e-05,4.4e-08,1.3903068540292514
../submit_files/condorfiles/LO/result_WR6500_N1400/WRtoNLtoLLJJ_WR6500_N1400.log,3.313e-05,2.22e-07,../submit_files/condorfiles/NLO/result_WR6500_N1400_NLO/WRtoNLtoLLJJ_WR6500_N1400_NLO.log,4.611e-05,4.4e-08,1.3917899185028673
../submit_files/condorfiles/LO/result_WR6500_N1500/WRtoNLtoLLJJ_WR6500_N1500.log,3.145e-05,2.413e-07,../submit_files/condorfiles/NLO/result_WR6500_N1500_NLO/WRtoNLtoLLJJ_WR6500_N1500_NLO.log,4.402e-05,3.6e-08,1.3996820349761527
../submit_files/condorfiles/LO/result_WR6500_N1600/WRtoNLtoLLJJ_WR6500_N1600.log,2.995e-05,1.898e-07,../submit_files/condorfiles/NLO/result_WR6500_N1600_NLO/WRtoNLtoLLJJ_WR6500_N1600_NLO.log,4.223e-05,3.5e-08,1.4100166944908181
../submit_files/condorfiles/LO/result_WR6500_N1700/WRtoNLtoLLJJ_WR6500_N1700.log,2.891e-05,1.556e-07,../submit_files/condorfiles/NLO/result_WR6500_N1700_NLO/WRtoNLtoLLJJ_WR6500_N1700_NLO.log,4.054e-05,3.5e-08,1.402282947077136
../submit_files/condorfiles/LO/result_WR6500_N1800/WRtoNLtoLLJJ_WR6500_N1800.log,2.79e-05,3.244e-07,../submit_files/condorfiles/NLO/result_WR6500_N1800_NLO/WRtoNLtoLLJJ_WR6500_N1800_NLO.log,3.897e-05,3.6e-08,1.396774193548387
../submit_files/condorfiles/LO/result_WR6500_N1900/WRtoNLtoLLJJ_WR6500_N1900.log,2.663e-05,2.797e-07,../submit_files/condorfiles/NLO/result_WR6500_N1900_NLO/WRtoNLtoLLJJ_WR6500_N1900_NLO.log,3.762e-05,3.3e-08,1.4126924521216673
../submit_files/condorfiles/LO/result_WR6500_N2000/WRtoNLtoLLJJ_WR6500_N2000.log,2.585e-05,2.648e-07,../submit_files/condorfiles/NLO/result_WR6500_N2000_NLO/WRtoNLtoLLJJ_WR6500_N2000_NLO.log,3.636e-05,3.1e-08,1.406576402321083
../submit_files/condorfiles/LO/result_WR6500_N2100/WRtoNLtoLLJJ_WR6500_N2100.log,2.492e-05,4.02e-07,../submit_files/condorfiles/NLO/result_WR6500_N2100_NLO/WRtoNLtoLLJJ_WR6500_N2100_NLO.log,3.514e-05,2.8e-08,1.4101123595505618
../submit_files/condorfiles/LO/result_WR6500_N2200/WRtoNLtoLLJJ_WR6500_N2200.log,2.418e-05,2.042e-07,../submit_files/condorfiles/NLO/result_WR6500_N2200_NLO/WRtoNLtoLLJJ_WR6500_N2200_NLO.log,3.408e-05,3e-08,1.4094292803970223
../submit_files/condorfiles/LO/result_WR6500_N2300/WRtoNLtoLLJJ_WR6500_N2300.log,2.341e-05,2.949e-07,../submit_files/condorfiles/NLO/result_WR6500_N2300_NLO/WRtoNLtoLLJJ_WR6500_N2300_NLO.log,3.298e-05,3.1e-08,1.4087996582656983
../submit_files/condorfiles/LO/result_WR6500_N2400/WRtoNLtoLLJJ_WR6500_N2400.log,2.286e-05,2.86e-07,../submit_files/condorfiles/NLO/result_WR6500_N2400_NLO/WRtoNLtoLLJJ_WR6500_N2400_NLO.log,3.194e-05,2.9e-08,1.3972003499562555
../submit_files/condorfiles/LO/result_WR6500_N2500/WRtoNLtoLLJJ_WR6500_N2500.log,2.209e-05,2.608e-07,../submit_files/condorfiles/NLO/result_WR6500_N2500_NLO/WRtoNLtoLLJJ_WR6500_N2500_NLO.log,3.093e-05,2.6e-08,1.400181077410593
../submit_files/condorfiles/LO/result_WR6500_N2600/WRtoNLtoLLJJ_WR6500_N2600.log,2.11e-05,1.791e-07,../submit_files/condorfiles/NLO/result_WR6500_N2600_NLO/WRtoNLtoLLJJ_WR6500_N2600_NLO.log,2.999e-05,2.5e-08,1.4213270142180094
../submit_files/condorfiles/LO/result_WR6500_N2700/WRtoNLtoLLJJ_WR6500_N2700.log,2.052e-05,2.28e-07,../submit_files/condorfiles/NLO/result_WR6500_N2700_NLO/WRtoNLtoLLJJ_WR6500_N2700_NLO.log,2.906e-05,2.2e-08,1.4161793372319689
../submit_files/condorfiles/LO/result_WR6500_N2800/WRtoNLtoLLJJ_WR6500_N2800.log,1.977e-05,1.8e-07,../submit_files/condorfiles/NLO/result_WR6500_N2800_NLO/WRtoNLtoLLJJ_WR6500_N2800_NLO.log,2.82e-05,2.5e-08,1.426403641881639
../submit_files/condorfiles/LO/result_WR6500_N2900/WRtoNLtoLLJJ_WR6500_N2900.log,1.919e-05,1.699e-07,../submit_files/condorfiles/NLO/result_WR6500_N2900_NLO/WRtoNLtoLLJJ_WR6500_N2900_NLO.log,2.73e-05,2.3e-08,1.4226159458051066
../submit_files/condorfiles/LO/result_WR6500_N3000/WRtoNLtoLLJJ_WR6500_N3000.log,1.856e-05,1.415e-07,../submit_files/condorfiles/NLO/result_WR6500_N3000_NLO/WRtoNLtoLLJJ_WR6500_N3000_NLO.log,2.647e-05,2.1e-08,1.4261853448275863
../submit_files/condorfiles/LO/result_WR6500_N3100/WRtoNLtoLLJJ_WR6500_N3100.log,1.8e-05,1.166e-07,../submit_files/condorfiles/NLO/result_WR6500_N3100_NLO/WRtoNLtoLLJJ_WR6500_N3100_NLO.log,2.56e-05,2.3e-08,1.422222222222222
../submit_files/condorfiles/LO/result_WR6500_N3200/WRtoNLtoLLJJ_WR6500_N3200.log,1.723e-05,1.564e-07,../submit_files/condorfiles/NLO/result_WR6500_N3200_NLO/WRtoNLtoLLJJ_WR6500_N3200_NLO.log,2.472e-05,2.1e-08,1.4347069065583287
../submit_files/condorfiles/LO/result_WR6500_N3300/WRtoNLtoLLJJ_WR6500_N3300.log,1.672e-05,1.721e-07,../submit_files/condorfiles/NLO/result_WR6500_N3300_NLO/WRtoNLtoLLJJ_WR6500_N3300_NLO.log,2.384e-05,2e-08,1.4258373205741626
../submit_files/condorfiles/LO/result_WR6500_N3400/WRtoNLtoLLJJ_WR6500_N3400.log,1.603e-05,1.568e-07,../submit_files/condorfiles/NLO/result_WR6500_N3400_NLO/WRtoNLtoLLJJ_WR6500_N3400_NLO.log,2.298e-05,1.9e-08,1.4335620711166561
../submit_files/condorfiles/LO/result_WR6500_N3500/WRtoNLtoLLJJ_WR6500_N3500.log,1.549e-05,1.197e-07,../submit_files/condorfiles/NLO/result_WR6500_N3500_NLO/WRtoNLtoLLJJ_WR6500_N3500_NLO.log,2.21e-05,1.7e-08,1.4267269205939315
../submit_files/condorfiles/LO/result_WR6500_N3600/WRtoNLtoLLJJ_WR6500_N3600.log,1.488e-05,1.147e-07,../submit_files/condorfiles/NLO/result_WR6500_N3600_NLO/WRtoNLtoLLJJ_WR6500_N3600_NLO.log,2.124e-05,1.6e-08,1.4274193548387097
../submit_files/condorfiles/LO/result_WR6500_N3700/WRtoNLtoLLJJ_WR6500_N3700.log,1.426e-05,1.085e-07,../submit_files/condorfiles/NLO/result_WR6500_N3700_NLO/WRtoNLtoLLJJ_WR6500_N3700_NLO.log,2.033e-05,1.5e-08,1.4256661991584851
../submit_files/condorfiles/LO/result_WR6500_N3800/WRtoNLtoLLJJ_WR6500_N3800.log,1.366e-05,1.099e-07,../submit_files/condorfiles/NLO/result_WR6500_N3800_NLO/WRtoNLtoLLJJ_WR6500_N3800_NLO.log,1.943e-05,1.4e-08,1.4224011713030746
../submit_files/condorfiles/LO/result_WR6500_N3900/WRtoNLtoLLJJ_WR6500_N3900.log,1.299e-05,1.033e-07,../submit_files/condorfiles/NLO/result_WR6500_N3900_NLO/WRtoNLtoLLJJ_WR6500_N3900_NLO.log,1.855e-05,1.4e-08,1.4280215550423403
../submit_files/condorfiles/LO/result_WR6500_N4000/WRtoNLtoLLJJ_WR6500_N4000.log,1.235e-05,9.762e-08,../submit_files/condorfiles/NLO/result_WR6500_N4000_NLO/WRtoNLtoLLJJ_WR6500_N4000_NLO.log,1.765e-05,1.3e-08,1.42914979757085
../submit_files/condorfiles/LO/result_WR6500_N4100/WRtoNLtoLLJJ_WR6500_N4100.log,1.187e-05,9.985e-08,../submit_files/condorfiles/NLO/result_WR6500_N4100_NLO/WRtoNLtoLLJJ_WR6500_N4100_NLO.log,1.674e-05,1.2e-08,1.4102780117944398
../submit_files/condorfiles/LO/result_WR6500_N4200/WRtoNLtoLLJJ_WR6500_N4200.log,1.122e-05,9.468e-08,../submit_files/condorfiles/NLO/result_WR6500_N4200_NLO/WRtoNLtoLLJJ_WR6500_N4200_NLO.log,1.582e-05,1.1e-08,1.4099821746880572
../submit_files/condorfiles/LO/result_WR6500_N4300/WRtoNLtoLLJJ_WR6500_N4300.log,1.055e-05,8.883e-08,../submit_files/condorfiles/NLO/result_WR6500_N4300_NLO/WRtoNLtoLLJJ_WR6500_N4300_NLO.log,1.49e-05,1e-08,1.4123222748815165
../submit_files/condorfiles/LO/result_WR6500_N4400/WRtoNLtoLLJJ_WR6500_N4400.log,9.899e-06,8.209e-08,../submit_files/condorfiles/NLO/result_WR6500_N4400_NLO/WRtoNLtoLLJJ_WR6500_N4400_NLO.log,1.398e-05,9.8e-09,1.4122638650368724
../submit_files/condorfiles/LO/result_WR6500_N4500/WRtoNLtoLLJJ_WR6500_N4500.log,9.242e-06,7.604e-08,../submit_files/condorfiles/NLO/result_WR6500_N4500_NLO/WRtoNLtoLLJJ_WR6500_N4500_NLO.log,1.307e-05,1.1e-08,1.4141960614585587
../submit_files/condorfiles/LO/result_WR6500_N4600/WRtoNLtoLLJJ_WR6500_N4600.log,8.588e-06,6.97e-08,../submit_files/condorfiles/NLO/result_WR6500_N4600_NLO/WRtoNLtoLLJJ_WR6500_N4600_NLO.log,1.214e-05,1.2e-08,1.4136003726129485
../submit_files/condorfiles/LO/result_WR6500_N4700/WRtoNLtoLLJJ_WR6500_N4700.log,7.929e-06,6.381e-08,../submit_files/condorfiles/NLO/result_WR6500_N4700_NLO/WRtoNLtoLLJJ_WR6500_N4700_NLO.log,1.123e-05,7.9e-09,1.4163198385672846
../submit_files/condorfiles/LO/result_WR6500_N4800/WRtoNLtoLLJJ_WR6500_N4800.log,7.293e-06,5.384e-08,../submit_files/condorfiles/NLO/result_WR6500_N4800_NLO/WRtoNLtoLLJJ_WR6500_N4800_NLO.log,1.031e-05,7.1e-09,1.4136843548608253
../submit_files/condorfiles/LO/result_WR6500_N4900/WRtoNLtoLLJJ_WR6500_N4900.log,6.657e-06,5.144e-08,../submit_files/condorfiles/NLO/result_WR6500_N4900_NLO/WRtoNLtoLLJJ_WR6500_N4900_NLO.log,9.404e-06,9.1e-09,1.4126483400931351
../submit_files/condorfiles/LO/result_WR6500_N5000/WRtoNLtoLLJJ_WR6500_N5000.log,6.034e-06,4.408e-08,../submit_files/condorfiles/NLO/result_WR6500_N5000_NLO/WRtoNLtoLLJJ_WR6500_N5000_NLO.log,8.52e-06,7.1e-09,1.4119986741796486
../submit_files/condorfiles/LO/result_WR6500_N5100/WRtoNLtoLLJJ_WR6500_N5100.log,5.415e-06,3.982e-08,../submit_files/condorfiles/NLO/result_WR6500_N5100_NLO/WRtoNLtoLLJJ_WR6500_N5100_NLO.log,7.636e-06,7.3e-09,1.410156971375808
../submit_files/condorfiles/LO/result_WR6500_N5200/WRtoNLtoLLJJ_WR6500_N5200.log,4.822e-06,3.57e-08,../submit_files/condorfiles/NLO/result_WR6500_N5200_NLO/WRtoNLtoLLJJ_WR6500_N5200_NLO.log,6.778e-06,5.7e-09,1.4056408129406885
../submit_files/condorfiles/LO/result_WR6500_N5300/WRtoNLtoLLJJ_WR6500_N5300.log,4.215e-06,3.324e-08,../submit_files/condorfiles/NLO/result_WR6500_N5300_NLO/WRtoNLtoLLJJ_WR6500_N5300_NLO.log,5.955e-06,5.7e-09,1.4128113879003557
../submit_files/condorfiles/LO/result_WR6500_N5400/WRtoNLtoLLJJ_WR6500_N5400.log,3.646e-06,2.658e-08,../submit_files/condorfiles/NLO/result_WR6500_N5400_NLO/WRtoNLtoLLJJ_WR6500_N5400_NLO.log,5.16e-06,4.9e-09,1.4152495885902359
../submit_files/condorfiles/LO/result_WR6500_N5500/WRtoNLtoLLJJ_WR6500_N5500.log,3.111e-06,2.49e-08,../submit_files/condorfiles/NLO/result_WR6500_N5500_NLO/WRtoNLtoLLJJ_WR6500_N5500_NLO.log,4.398e-06,4.3e-09,1.4136933461909353
../submit_files/condorfiles/LO/result_WR6500_N5600/WRtoNLtoLLJJ_WR6500_N5600.log,2.614e-06,2.015e-08,../submit_files/condorfiles/NLO/result_WR6500_N5600_NLO/WRtoNLtoLLJJ_WR6500_N5600_NLO.log,3.677e-06,3.1e-09,1.4066564651874522
../submit_files/condorfiles/LO/result_WR6500_N5700/WRtoNLtoLLJJ_WR6500_N5700.log,2.124e-06,1.598e-08,../submit_files/condorfiles/NLO/result_WR6500_N5700_NLO/WRtoNLtoLLJJ_WR6500_N5700_NLO.log,3.003e-06,2.1e-09,1.4138418079096045
../submit_files/condorfiles/LO/result_WR6500_N5800/WRtoNLtoLLJJ_WR6500_N5800.log,1.684e-06,7.937e-09,../submit_files/condorfiles/NLO/result_WR6500_N5800_NLO/WRtoNLtoLLJJ_WR6500_N5800_NLO.log,2.382e-06,1.7e-09,1.4144893111638952
../submit_files/condorfiles/LO/result_WR6500_N5900/WRtoNLtoLLJJ_WR6500_N5900.log,1.284e-06,9.221e-09,../submit_files/condorfiles/NLO/result_WR6500_N5900_NLO/WRtoNLtoLLJJ_WR6500_N5900_NLO.log,1.823e-06,1.3e-09,1.4197819314641744
../submit_files/condorfiles/LO/result_WR6500_N6000/WRtoNLtoLLJJ_WR6500_N6000.log,9.37e-07,7.295e-09,../submit_files/condorfiles/NLO/result_WR6500_N6000_NLO/WRtoNLtoLLJJ_WR6500_N6000_NLO.log,1.332e-06,9.6e-10,1.4215581643543223
../submit_files/condorfiles/LO/result_WR6500_N6100/WRtoNLtoLLJJ_WR6500_N6100.log,6.447e-07,4.826e-09,../submit_files/condorfiles/NLO/result_WR6500_N6100_NLO/WRtoNLtoLLJJ_WR6500_N6100_NLO.log,9.172e-07,6.7e-10,1.4226772142081587
../submit_files/condorfiles/LO/result_WR6500_N6200/WRtoNLtoLLJJ_WR6500_N6200.log,4.097e-07,3.744e-09,../submit_files/condorfiles/NLO/result_WR6500_N6200_NLO/WRtoNLtoLLJJ_WR6500_N6200_NLO.log,5.822e-07,4.3e-10,1.4210397852086893
../submit_files/condorfiles/LO/result_WR6500_N6300/WRtoNLtoLLJJ_WR6500_N6300.log,2.321e-07,1.547e-09,../submit_files/condorfiles/NLO/result_WR6500_N6300_NLO/WRtoNLtoLLJJ_WR6500_N6300_NLO.log,3.326e-07,2.5e-10,1.4330030159414047
../submit_files/condorfiles/LO/result_WR6500_N6400/WRtoNLtoLLJJ_WR6500_N6400.log,1.174e-07,1.038e-09,../submit_files/condorfiles/NLO/result_WR6500_N6400_NLO/WRtoNLtoLLJJ_WR6500_N6400_NLO.log,1.702e-07,1.3e-10,1.4497444633730834
